,transcript_ID,up_down_seq 3'-5',chromosome,genes,#_genes_in_transcript,Description,regulation
0,STRG.199,gagcgccgcgtccgccgctcgcgccgcttgccgcgccggaggtggcggtgctgcgggcgttgcttgcggaggcgggcgaggttcagtaggcgcggcgacgagacgggtgcgcatgcgcggcgttcggcagcggcttgcgcatccggatgc,BF000000.2,tmp_003619,3,DUF3820 family protein,not significant
1,STRG.205,aatagcatgcggcatttcgactattttccatcattgttcatgttaatgaaattgatttacttgcaaatattgatctgatttattctcgaaatgcacatatctcaatatgtgcatcttgcgcgaggcaggcttgtccggcccctgcgcatg,BF000000.2,tmp_003655,1,cytochrome P450,not significant
2,STRG.209,tgcagctcgtgccgccctctccaggtgacgacgatatccaggctgagcggctcgagagttgacatgttggctttccttgagaatcctaatgtcagggcagttcgatcccaaccgggcggagggaatcgtatccaggatgaataacactac,BF000000.2,tmp_003661,6,thiamine pyrophosphate-dependent enzyme,up
3,STRG.209,tgcagctcgtgccgccctctccaggtgacgacgatatccaggctgagcggctcgagagttgacatgttggctttccttgagaatcctaatgtcagggcagttcgatcccaaccgggcggagggaatcgtatccaggatgaataacactac,BF000000.2,tmp_003666,6,cupin domain-containing protein,not significant
4,STRG.225,cgcgcgccgatcgcccgtcatggtagcaagcccgcccgccgatcgccgcgcccttgatctggctcgctgcgcgcgcggccgcaatcagttaccctgcccgggaaccgcccacctacccggccggcgcggtcgccggcaccttgtccatcc,BF000000.2,tmp_003709,2,universal stress protein,not significant
5,STRG.225,cgcgcgccgatcgcccgtcatggtagcaagcccgcccgccgatcgccgcgcccttgatctggctcgctgcgcgcgcggccgcaatcagttaccctgcccgggaaccgcccacctacccggccggcgcggtcgccggcaccttgtccatcc,BF000000.2,tmp_003710,2,fumarate/nitrate reduction transcriptional regulator Fnr,down
6,STRG.234,agggttgagcgcgtggcaggaaaagtgcttcctgcttggcggtcaagccatttttcaagcgtcatcccgtatacgatcaggtacggaaaaggaaaatttaattccgatcgattgctttcgtttccgatcgaatacgaagcatctttccag,BF000000.2,tmp_003746,2,helix-turn-helix domain-containing protein,up
7,STRG.234,agggttgagcgcgtggcaggaaaagtgcttcctgcttggcggtcaagccatttttcaagcgtcatcccgtatacgatcaggtacggaaaaggaaaatttaattccgatcgattgctttcgtttccgatcgaatacgaagcatctttccag,BF000000.2,tmp_003747,2,HipA domain-containing protein,not significant
8,STRG.2545,tggatgcattgtccatatttagacattaagtaaaaataagggattgcgcgaatttcccctcgtgcgccgaggggctatacaatgtgacgatatctagatgaatcgtccaatggccaagagaaaactcacccgcgagcagcagacaatcct,BF000000.2,tmp_003787,3,ABC transporter substrate-binding protein,up
9,STRG.2545,tggatgcattgtccatatttagacattaagtaaaaataagggattgcgcgaatttcccctcgtgcgccgaggggctatacaatgtgacgatatctagatgaatcgtccaatggccaagagaaaactcacccgcgagcagcagacaatcct,BF000000.2,tmp_003788,3,DUF4442 domain-containing protein,up
10,STRG.241,cccaagttgtacatacaactttgccgccaccaccctggtagggacaatccgtatttatctctacttgtgatgaagttgtcttacaactgaccattacacttgtaagagaactccggaagcgaattgcacaggcgcatattcaaaataacg,BF000000.2,tmp_003789,2,TetR/AcrR family transcriptional regulator,not significant
11,STRG.241,cccaagttgtacatacaactttgccgccaccaccctggtagggacaatccgtatttatctctacttgtgatgaagttgtcttacaactgaccattacacttgtaagagaactccggaagcgaattgcacaggcgcatattcaaaataacg,BF000000.2,tmp_003791,2,asparaginase,up
12,STRG.248,ttgaacacgtgtgcagcgcagaagttcaaccgtccttatcgaggccgacccaccccatcgacgcccgatatcccgtaagctctcaccttgcatcccggaaatgctcaccttctgaaagcctgatgtacggcgagcagcgccaccatgcaa,BF000000.2,tmp_003809,3,patatin-like phospholipase family protein,not significant
13,STRG.250,gctgggcgcgcgtgctgtcgctcgcgcagacccagcgcctgtgagaggcgcgccgcagccgcccccggcgcgcggcgcgcaccggcctgcctggggaacagcccccttcttgtgcccgatgtaatgaccgaaagaaagcgccggccagaa,BF000000.2,tmp_003811,1,hypothetical protein,not significant
14,STRG.2550,caaccgcgatcgctcgaaaggtgagtgttttcgggagctgtgcgcggagccgcgcgccgcgtcgaagtgcaccggcccgcgcgtcccgaactgtctctatacgggcctgtgcacgtcctctagaatcgatcgctcctcttccaacgggtg,BF000000.2,tmp_003813,2,PhzF family phenazine biosynthesis protein,not significant
15,STRG.260,agttgcaacgcgcggtgtttactccgagaatcgcgcttcgctttcctttgcggtgggcgcgcccgcgatgccgggggcgccgggagcgggcgccggacagggaggggcgagcgaggcgccggctggtcccgggtgcgccgcgcggcggac,BF000000.2,tmp_003841,3,chemotaxis protein CheC,not significant
16,STRG.260,agttgcaacgcgcggtgtttactccgagaatcgcgcttcgctttcctttgcggtgggcgcgcccgcgatgccgggggcgccgggagcgggcgccggacagggaggggcgagcgaggcgccggctggtcccgggtgcgccgcgcggcggac,BF000000.2,tmp_003842,3,GGDEF domain-containing protein,up
17,STRG.262,acgagcacgacgggcagcgcggcggcatgcgggacgggacgcgcggaagcggggtcgcgggattcgatggacaagcggtgtctcctgaaggatggacgatctgcgtcggtttcgcgttatcttattaagtaaatagtcagaccccaagtt,BF000000.2,tmp_003844,2,hypothetical protein,up
18,STRG.270,ggcaaggtggagatccaggcgcactcggacaacatcgagctgacggcgcagaagacggtgaagatcctgtcggcgacgcagacgatcgaggtggcctcgccgaaggaggtgctgctgacctcgggcggcgcgtacgtgcgcatcgcgggc,BF000000.2,tmp_003869,3,hypothetical protein,up
19,STRG.2569,cccgagtgcgcgacctttgctcggcatcaccgctcggcctcgcacgcgacacgtccgccgggctccctgccatttctggcagttatctttatatcaaattgtggatagcttatgactcatagtagaaagcgattctcggcaatctcacga,BF000000.2,tmp_003877,3,MFS transporter,not significant
20,STRG.2569,cccgagtgcgcgacctttgctcggcatcaccgctcggcctcgcacgcgacacgtccgccgggctccctgccatttctggcagttatctttatatcaaattgtggatagcttatgactcatagtagaaagcgattctcggcaatctcacga,BF000000.2,tmp_003878,3,cysteine desulfurase,down
21,STRG.2569,cccgagtgcgcgacctttgctcggcatcaccgctcggcctcgcacgcgacacgtccgccgggctccctgccatttctggcagttatctttatatcaaattgtggatagcttatgactcatagtagaaagcgattctcggcaatctcacga,BF000000.2,tmp_003879,3,hypothetical protein,down
22,STRG.283,gcagttcgagggcgtgtgcgggaaactgccggccggcgatccgcaggcggggacgtgcgggagtctgatccagccggccaaggcttgaggcgggaacgcgggggctcgcgcgacggcgcgggccttcgcgagggggcggaggggatcggg,BF000000.2,tmp_003903,2,hypothetical protein,not significant
23,STRG.2571,gcggcgccgacgcgcagccgttcgccttcacgctcgacaacgtcgtgcgcggctgacgcgccgcgcggatttcgctttccggtgtaacggcccgccgccggcgggccggtggcaaggtgcgcggcaaaccgattgccgtctttcaaccca,BF000000.2,tmp_003908,1,hypothetical protein,down
24,STRG.2572,cctcagtgacgagacgccaagcgtgatgttaattgcgtctcctgcgctcgcttttaccgctctttcaaaaaagccgcactaggtacgtcgctccgtgaagaatgtactaatccacgcttcgattgaattatttggtcatttttcagatct,BF000000.2,tmp_003915,1,DUF2589 domain-containing protein,down
25,STRG.295,cgtgacgccgggctttcggaagcaggactccgaacgaccgcgcggcgcgcgacggcgacgcggttcgccgccgcttcatcgatgaagcgtgagccgcccgccggcccgcggcctgggggcgcgggatgctggcggcatgtcttcgaggcc,BF000000.2,tmp_003930,1,PRC-barrel domain-containing protein,down
26,STRG.296,atgcgcgcgcccggacttgtgatatatatcgcagtccggcgcggtgcccggcgcggtgcggcatgccaagtgcgagacgccgcgcggcttcgcgagccggccggatcgacgacgaggagaggcgtcgatccctgcgcgagatgcggtaca,BF000000.2,tmp_003931,1,queuosine precursor transporter,down
27,STRG.298,gcggggaagtgctgttgatttgaccggggtgccagccggatgcatcgcgtaggatgggtgagcgccatgaccagggtcatggcgctttttttgcgttcaccgagggcgtccggggatatcaatgcctgctcggagcgcccccacggagta,BF000000.2,tmp_003934,1,hypothetical protein,up
28,STRG.305,tgagcctgttgggccggccgccctccgccaaaaccctcgaagcctcaccgtggctgcctgtgaaggttttgagtctggcaagatagcgcgttgccgccagtatggcctggcggtcttggcccggttttcatcttgatgacatcaatcagc,BF000000.2,tmp_003952,2,peptide ABC transporter substrate-binding protein,not significant
29,STRG.2588,acgaagttatgaaaacgaaagcgcgcacgcgcgccacgcacccggcatcggcacgcgcggccgcgctgcaccgcgcgatgcgcgacgcggccccaccgacgcgatgcccaatcgcagtgcacggacactgtgtcatcgtcacgaaacatc,BF000000.2,tmp_003958,2,DedA family protein/thiosulfate sulfurtransferase GlpE,up
30,STRG.2590,gccgcgcgggttcatgctcatgctcgatcgcggccgggacgcgagcgcgcgaccaacggccacgcgctcgccgcgctcgacaaagccgcacgcctgccgcaaggtctcctgccgcccctccctccggcccgaacgtcgcacccgccgcgt,BF000000.2,tmp_003967,1,hypothetical protein,not significant
31,STRG.2592,gtcggcgcggacgggcggccccgcgagcgcgcaggcgagcgcgacgcaggccgcccagaaacggggacgattgatcggagtcatgcctgtctcctatatgcgtttagtaatcttgagtgaaacgcctaaccgctacgcaatggccccggt,BF000000.2,tmp_003969,1,IclR family transcriptional regulator,down
32,STRG.2593,cttcggcgggacgaacacagccactcccaacccgtcgcccggcattcgaatccattgacgggcgattcgtgctgtccggatgccgcgggcactgcgtccgcgcgatgcgcggccttcagcgccggcgcgaagccgccggatcgcgtactg,BF000000.2,tmp_003979,1,glycosyl hydrolase family 18 protein,down
33,STRG.2595,ctcagccgacaacacaccaacaagccctggaaacaatcattccagcatcagcccaaaaaaacactccacccgacaccctctatcaaaaacacaaaaccttcaacccatcgaacgacaccacaaattacatgctaaataaaatcacaccgg,BF000000.2,tmp_003999,1,hypothetical protein,up
34,STRG.322,agaaatgctcgcgcagccgggcggcttaggcggaggcggaagctggaacggacatggcggcggcgaacagtacgatgaacggtgaagactcggcccggcgcggggtgcgccgatcgcaaggataaagcacccggcggatgcccgggcggg,BF000000.2,tmp_004006,2,MgtC/SapB family protein,not significant
35,STRG.322,agaaatgctcgcgcagccgggcggcttaggcggaggcggaagctggaacggacatggcggcggcgaacagtacgatgaacggtgaagactcggcccggcgcggggtgcgccgatcgcaaggataaagcacccggcggatgcccgggcggg,BF000000.2,tmp_004007,2,flagellar hook-length control protein FliK,not significant
36,STRG.323,ggcgcgcaggtcgaacggctgaccaatcgcttgtccgtggcggcccggccggctccgaagcccgcccgccatccgcgttcccgctgacgcgggcagggggcgcatgcaggccccctgcggccgattgctgcagtgcactagtcagattca,BF000000.2,tmp_004008,1,hypothetical protein,down
37,STRG.327,cggctctacgcgccgaggaaacaggcggcggacggcacctggcagccgcccgccgtcgtgcgcaagtgaacgtcttgccgcgccactcgtcatacgaacgcatccgcgcgcgctgaacggcgcgcggatgcgtcgcgagacgtccagcgc,BF000000.2,tmp_004014,1,DUF748 domain-containing protein,not significant
38,STRG.2606,acaccgggatcagcgcttgacctctgcgacgagttggcacatttcgcgccgcaacacgctgcgcgatactcgccgcaaccctgtcgcccatccgagtcgcgcgcggcgcggggtccgccggcagccccgccggcgggtgtcgtcagcctc,BF000000.2,tmp_004029,3,hypothetical protein,down
39,STRG.2606,acaccgggatcagcgcttgacctctgcgacgagttggcacatttcgcgccgcaacacgctgcgcgatactcgccgcaaccctgtcgcccatccgagtcgcgcgcggcgcggggtccgccggcagccccgccggcgggtgtcgtcagcctc,BF000000.2,tmp_004030,3,cytochrome d ubiquinol oxidase subunit II,down
40,STRG.2606,acaccgggatcagcgcttgacctctgcgacgagttggcacatttcgcgccgcaacacgctgcgcgatactcgccgcaaccctgtcgcccatccgagtcgcgcgcggcgcggggtccgccggcagccccgccggcgggtgtcgtcagcctc,BF000000.2,tmp_004031,3,cytochrome ubiquinol oxidase subunit I,down
41,STRG.2615,catagttgggtccccttatcccgtttgtatcgtgcgcgcatcgtggcacgcaagcagatagggtcaaaccaaatatttctgctacgcttattccgcctcggccgggatcgtcctgcgaaatcgatataactgccggtcacacaagcgacg,BF000000.2,tmp_004069,1,porin,not significant
42,STRG.348,caggggcgcgacgggggaggtggtcaaggtggtcatgcgggactccgtctaagggttgaaggcatcgatgcgcatgtctagaatacgactaatcattcaggttttactattcgcattggcggctcccgatgagcgaacgtcgcatgaccc,BF000000.2,tmp_004078,2,TetR family transcriptional regulator,not significant
43,STRG.2623,attggtcaggttatagcgtatcgacatgtcgaatacaacgtgtcaaaaatccggatgcggcgctgcgcgagagatagcacgcacgttcgtgccgaaaccatcgatatcgaattccaggcgccgacgccgcatgaaaaccaccacgacccg,BF000000.2,tmp_004084,1,leucyl aminopeptidase,not significant
44,STRG.2633,gtccggtcttgcagacccggccgggcccaggcggcgcgcggcacggcgcatccgcgcccgcgatttgccatcttcggcaaaaatccggataaatgcctataatcccgcaacacaattccacacccctgaacaatcgatgccgcccgcgcc,BF000000.2,tmp_004118,1,putative multidrug efflux transcriptional regulator CeoR,not significant
45,STRG.2642,atccccaaacaaatcgcctaattcaaacagccgatttcgtcaaccggcatttaatacagttgccatccattagacaaacatttcaaattcgacccgcttaacaattgctttcaaataaattcatttaaaaaacaagggaaatcataaaat,BF000000.2,tmp_004143,1,class I SAM-dependent methyltransferase,up
46,STRG.2647,cgcggcccgccgggccgcccctgcatcggtcgtgccagcaaaccctacctgttctggcagggcccgcgcgggctcccgcgcgccgctgcccgcgcccgaatcttcgccttgcgctcccgcgatccgtttcataccgtatccaatgcagcc,BF000000.2,tmp_004169,1,carboxymuconolactone decarboxylase family protein,down
47,STRG.389,aacgcacgcctgggaacgaacgtgttcgccggcagcggtgtgttcagccgcaacagtcggtcttgttgaagcagtccggttcttatgctttctctaagccgatgctcgtccatgagatgggatccaatggttttcttgcgcgaacctagc,BF000000.2,tmp_004183,1,RbsD/FucU family protein,not significant
48,STRG.2656,cggccgggccggccgccgttacattctgtcatcgatcaagcgggcgccggacggtcgcgagcggcggttttaagaatcgtttaagctttggccggcaccatccgcaaccatatccagacaggaggtaagccatgagcgccgttgaaacac,BF000000.2,tmp_004201,1,hypothetical protein,not significant
49,STRG.2666,gcgcccgctgatgccggcgcattgtgcagacaagccctttcgatatgaaagaaagtcacgggaatcggcacaaaatcagcatgaatagcgctcggcgcgcgcgggttcccgcctgtgcgtcgccaatcgcggccatcttgtcgcgtgtca,BF000000.2,tmp_004225,1,inorganic phosphate transporter,not significant
50,STRG.407,tgcgacacccggcgcgcgcgcaaataaaatccccgcgcaggctgcacgcgatcacagcgcgtgctttacacttctccctccatgcttcgcgcgccgtgccgtcggcgttgcgtaccgcattcgacattccggccggaaccgcttccggtc,BF000000.2,tmp_004235,1,S53 family peptidase,down
51,STRG.414,cggcctgggttggtgagttttaggaatgaactggtgagtttatatcagttgccggcgagttctggcgcatcgaaaatggccccgattatttttttcattgcctgtttttcggtcgacccgatgccggaaacagccgaaacgccccggaaa,BF000000.2,tmp_004251,1,DUF1338 domain-containing protein,up
52,STRG.2680,tggtccagcaaaacgtggggggcaggtgtttcaaggtcatcaagctttctcggggtgctgctgctcgccaacttcaacgagcaattcaatattcgttaatgtataagtataatgcataccatgggaacccgagacacgaaattttcggtg,BF000000.2,tmp_004269,1,XRE family transcriptional regulator,not significant
53,STRG.427,atccgatgcgctcgatgatatctgagtgtcactcaaaaaactattgactctatcccgcatccagcgcgaaactagccaaaatttccgcaagatatcgtgctgtattggtgaaatacgtggttttgagtgttgctcaaaatcacgcccgca,BF000000.2,tmp_004285,2,isovaleryl-CoA dehydrogenase,up
54,STRG.427,atccgatgcgctcgatgatatctgagtgtcactcaaaaaactattgactctatcccgcatccagcgcgaaactagccaaaatttccgcaagatatcgtgctgtattggtgaaatacgtggttttgagtgttgctcaaaatcacgcccgca,BF000000.2,tmp_004286,2,methylcrotonoyl-CoA carboxylase,up
55,STRG.447,gtgccgtaaggcgttgacggcggcattccattgcgataacggattccgggcatccgatatccgatgaatcgggatatgccattatcgaaaaatatcccgtaatatcgatcgcgcattccgagtgtggtcattttccattcccaatcaaaa,BF000000.2,tmp_004323,1,hypothetical protein,down
56,STRG.453,acaagcacaacgcgatgaacaagctcggcttgaagagcgatgccgaactggtgctgtacgcgtccggcagcgggctcgcgtgagggcgcgccgcggccggcccgtcgtgcgatactcgctacccggccgcgcagcggcgcatctcgacgg,BF000000.2,tmp_004341,1,hypothetical protein,down
57,STRG.2714,tgccgcacgcgccacgccggccgctggacgcggtggtgtcgtgacgccggcggtggcgcgcgaagccggtcccgccttcgatcggctcgcgccccgcgccggcagacatccccgcgcggatcgcttcacggcgcgcgctgcgcgcaccgc,BF000000.2,tmp_004343,1,DUF3564 domain-containing protein,down
58,STRG.473,tcgatcgtcatcgcgcgaaagagtggaattcatggtgaggatggcgaattaaatttcacgaatcgcgtaatttctcgataaaaacagacgttttctggacttccgaacacatacgttgttaaactatgtgattgtgcgacgtcttcacag,BF000000.2,tmp_004413,1,APC family permease,not significant
59,STRG.2737,gcgggcgcgaccgcccaattttaaaattccaccttcgggtttgctgaatggattcagctctttggtttcgtgtatgctgaatccattcagcttccgttgtaagcatgggaaaaccctgacatcccgtgagttggggcacgcaacgagaac,BF000000.2,tmp_004414,1,LacI family DNA-binding transcriptional regulator,not significant
60,STRG.2744,tggaataacgattcgattgtttctgaatcggcaaaaagtaatttgatccaggcaggatgttttttccatgcgaggccgcttacatttaacgcatccactcatggtaaaccgctacggaatcgacggaacgcagctgcaataactgcctag,BF000000.2,tmp_004468,2,SDR family oxidoreductase,up
61,STRG.505,ccgcgcgtgattcgaccgacgaatgcgcgcgcgcaaggttttttcgcacggaattttgcctcggggcggaaagcgtctaaagtgaattcaaccggtgcgcgcagcctgctcaatatccagctggctgcgcatccaccggcccgccccgcg,BF000000.2,tmp_004508,1,DUF1488 domain-containing protein,down
62,STRG.510,ggggtttaccgttgccgttcctcgcgtgcggagtgcgcgcgcgatacgcgcggtgccgctccatccttccttccttcgatagcgcccattcgcctgcgcgaacccgcagcggtgttgacgcgtgcgcatcggatccggtaaattggacga,BF000000.2,tmp_004517,1,threonine--tRNA ligase,up
63,STRG.2760,ggcgccacgccgaatgccgaccagacgctgcggatgcgcccgtaacgccacgcgagcgttgacaagcgcctgcgccgccgacacactgcaggtcatgaacacgcgcaccgttttcactctctcgtcaggccgccgatcggtaattgcacg,BF000000.2,tmp_004518,1,DUF2917 domain-containing protein,up
64,STRG.526,cgtcgggccgcgatcgtgcgtcgcatgcggatagcgcccaatcccgcccggcgggcctcccgcccgggcggtcgatgttccgtccccatcatttgccgcgttccggacgcggtttccgcccaaaatccgccggcaggcgaggatcaaaaa,BF000000.2,tmp_004553,1,response regulator,not significant
65,STRG.539,cgaattgaaagtcgaggtgcgacatgcccaatcggcagggttatttcaccttgcgcgcgacttgtcgcgcggcggcgtcggcgcgcgcggccggttgcggcgcacaacgcgccagggctgcggcgaacggggcttcggcgctatcatcgt,BF000000.2,tmp_004573,1,M20 family metallopeptidase,not significant
66,STRG.540,agctgcagcgctggtgtcgcgacgcgtatcgcgcggcgcttgccggcgcgggcggcaggacacggcgcgcgcggcgcggctgatgcgcgcagcggggccggcgagggtcgcgcaggcgaccgtcgcgcgataggatgcacggctgcaccg,BF000000.2,tmp_004576,1,NnrU family protein,down
67,STRG.2796,gaccggcgaaccaagcgttgctcatatgcatatgcgacgaaatgcgcatgacgttattgcgcagcgcatcttgcgttccgcccgaagctttctagactgaatggatcggcaccatgacgtctttcctacaggagactacgcaatgcgcct,BF000000.2,tmp_004596,1,DUF3564 domain-containing protein,down
68,STRG.555,aaccgatgcgcggcatgacgcgattttttgagcgaattccatgaaaaagccgattggccgccattcgatttcaatacgaaaagtgcctgtccgttcattgcgtcgtttgtcgggaagcaaaggaccgtgatgacggcacggtcacgctgg,BF000000.2,tmp_004624,1,branched-chain amino acid ABC transporter substrate-binding protein,not significant
69,STRG.559,ggagcgttgcgccgagcccacggtcgtttattcagcattttgaaatattgggtaatccgtcagaatggcgcccgcatggactcgcccatgtgcagcaaaccacaccatacaaaagaattttgaggacggagaatcaatgaagaagcgcgt,BF000000.2,tmp_004639,3,hypothetical protein,down
70,STRG.560,agaaaaagaaagccgtcacgggtttgaggtcgtgcgtgttggcacggcatcacgcgtcgcacccgccgtaccaccgggtgtcaaacaccgcgccgcgacgtccgatccggacggtcgcgtgccggcagcgggttttcaagtggcatgggg,BF000000.2,tmp_004643,1,type 1 glutamine amidotransferase domain-containing protein,down
71,STRG.570,caggcagccgtcgatttggcttttttgaccggcgcgaggcgcggcgggttggcgagcggtttgcttgaatgatatcgttttgcctgaaaatagaagcttcgagtcaattgggcgaataattgccgcatggcaattttcaatgcttccgat,BF000000.2,tmp_004655,1,cupin domain-containing protein,not significant
72,STRG.595,agacggtgaagatcctgtcggcgacggagacgatcgaggtggcctcgccgaaggaggtgctgctgacctcgggcggcgcgtacgtgcgcatcgcgggcggcaacatcgagatccacgcgccgggcaagatcgacatcaagggcgcgacac,BF000000.2,tmp_004705,6,hypothetical protein,up
73,STRG.595,agacggtgaagatcctgtcggcgacggagacgatcgaggtggcctcgccgaaggaggtgctgctgacctcgggcggcgcgtacgtgcgcatcgcgggcggcaacatcgagatccacgcgccgggcaagatcgacatcaagggcgcgacac,BF000000.2,tmp_004706,6,DUF3304 domain-containing protein,not significant
74,STRG.2845,aaataaacactcatccaatttcttcaaataaataaccacccatttatggtagttgaccgccaattaagcgcggcaaaataatccactccaattcgattccccaaaaatcaaaatcaaacaccgaccactccggaaaaattcaaaccggag,BF000000.2,tmp_004776,1,type VI secretion system ATPase TssH,down
75,STRG.631,cgacacctcctccagctttcatattgttgccaaaatgaattaattgaaggggctatataccgagtgtggcgatttatatttgccactggtgcaacagtctatgtcgaaactaggggtttccccttgttcgtgcgctgactagactcaact,BF000000.2,tmp_004801,2,DUF4148 domain-containing protein,not significant
76,STRG.2857,catcttgcgattcccctcgtctgtcaccggccgcgccctagagccatccatctagccccttgcggaattccttgccgcagactatcgttacatcattcaatgtcacattaaaaaatgagcaaaaacggagacacctggatgaatgcgcgc,BF000000.2,tmp_004841,1,NAD(P)/FAD-dependent oxidoreductase,up
77,STRG.648,ctggatcaagcttcgtgcgcgaacgggccgcgcgggccggggttgcccggcgcgcgtctcaagtttttcgcaggccaaccgtaaacgcctgagacgtctaacgacttcccttactgcgcccgattcgccatgaatgcattgttttcccgt,BF000000.2,tmp_004850,1,methyl-accepting chemotaxis protein,up
78,STRG.2865,tccaacgacacgcgcccacggtggccgcgcccggcatcgccgcaatcgctcgcggcgcgccgtcggccccccggtgcaatacgacgtcgccacgatctgaagcaacatcaggaaacacctgtcacacattcacgtacagtagtacgcaga,BF000000.2,tmp_004852,1,hypothetical protein,not significant
79,STRG.655,tggcaatttgcaacgtgctgtaaaaaagtggtgccttaacgtggactcgttattttttgcatgacactattgcgcgcactgcacgaatcccgggtggatcgggggtcggcggcccgaaacgggcatgaataaaagaaatcgcgtgaaggc,BF000000.2,tmp_004866,1,porin,not significant
80,STRG.658,aggccgaggggggcccggcccatagctgaacggcattaccgtgtttaccccattttacagatcggtcggcacatcgtatcttccgcacatggtaacgatgccacataaaagactgacgatccgtgatattgcgacgctctctggtgtatc,BF000000.2,tmp_004880,2,sucrose-specific PTS transporter subunit IIBC,not significant
81,STRG.661,tcgattccgcgcgcacttcagtcttgggtggatgaataatctcaatcatatgaattaaatcagattatttgatttgcgggtatgcaaatttgagtgcgcaagaaaggctgtgcactcaactggcgtcactcgatctcaagtgaatcgagt,BF000000.2,tmp_004890,4,hypothetical protein,down
82,STRG.2882,ttgggttgatggaagtggtaagaatcggggcgatgcgtcgaacagggtgatgactgtgatcaaaagctcaactaacacgcactcatgattcgacacgagcgaataggcggccgccgttcaatcagggaagcctacttagctccaacgctc,BF000000.2,tmp_004894,1,hypothetical protein,not significant
83,STRG.2903,acgccgaattcgggaaatcctgagttgatatttctcaagttttggcgtggaaccgaaatgtacgcgctcatgtcggtttgaacaatctctttatagtccatggaatattccgtattcccgcacaatcttttctttttactttttttgtta,BF000000.2,tmp_004950,1,MG2 domain-containing protein,not significant
84,STRG.696,gtccgaatcggggatgtgctggtgcgaagtgcccgacggcttgccaccccgacggagagcggtgcgcgttcgtgtaagctgaacggcgtgacctacgacgaagccgccacggaaatgggcgtccgcccgggagtggcgcggcggtaccct,BF000000.2,tmp_004982,4,RNA polymerase sigma factor,not significant
85,STRG.2919,agggcacacaggtcttcttgcctggcaagcgcgctaacaacttgtttccgattgtccggaacatcgtttgtcgttcgcgatcagaccatatcgcagcaccgattgaatcccactcacgaaccacaaccctagggagataacgtgaaatat,BF000000.2,tmp_004993,1,hypothetical protein,not significant
86,STRG.699,ctcgtcgcgccgcctgcgccgccgcccgtggcgcggaagccgacccaggtcgcggcattgcccgagcgggcggggcgcaccagcgcggccgagccgttaggcggctgctggcccggcacgtagacgtccttggcgagatcgttggccagg,BF000000.2,tmp_004994,1,hypothetical protein,up
87,STRG.2923,tttcaaaaaacccggaacgagggttttcgcgggtctgccatgggccgacccattgcaattgaacaaacgtccgacactcccctataatctgtgccaggacgatttcgtaaggtcactccatgagaaaaacacctgacacggtgccggttc,BF000000.2,tmp_005011,1,TetR family transcriptional regulator C-terminal domain-containing protein,not significant
88,STRG.702,tgccgcatgatgcggcgcgcatggcatccgtcgggtttcgacttcatcgtcggcgatcccggtgcgcgggaccgatccgcgcgctgcgctcggcgttggccgatcggcagtctttcctgggccgtggccgaagcttaccttcgtgattgg,BF000000.2,tmp_005028,2,DNA-binding protein,up
89,STRG.702,tgccgcatgatgcggcgcgcatggcatccgtcgggtttcgacttcatcgtcggcgatcccggtgcgcgggaccgatccgcgcgctgcgctcggcgttggccgatcggcagtctttcctgggccgtggccgaagcttaccttcgtgattgg,BF000000.2,tmp_005029,2,type II toxin-antitoxin system VapC family toxin,up
90,STRG.2932,atttatattttcgacctgtgcttgcgcaaagcacgccagatcgcacggacaaaaatcaataaaaaaatccacctggctgagtaaaaatcccttcgcaggctggccgggccttggtcacccagatcgcttcaccgtcagtcgaaaaggcat,BF000000.2,tmp_005073,1,DUF3050 domain-containing protein,not significant
91,STRG.2935,gcgaaccggcgttcgacccgtgttcagcttgtccgcgagcgacacctccgaccaaacgctgcccggcgccagctccagcgtcacgatcagttcctccagcttctggtgggcttgatccgcaagggaagcacttatctgtccgttcatgtc,BF000000.2,tmp_005089,4,response regulator transcription factor,not significant
92,STRG.710,atggcgaaacgggaccggctgcgcgacgggggcgttcatgcgtcgcgtgttgcatcgaaatcgtcatgaaaatgaaagaatgtaatgatcgggtttaaccctcgaccggggaaagatggatttcctttatgcgtaaatttgcgtaatgtg,BF000000.2,tmp_005087,3,hypothetical protein,not significant
93,STRG.715,cggttcgaacggcggcaggcggctggtcgatttcagctcgcgcatcgacacggtgctcagcagttccttgacgcccggcagcgcgcgcagccgattcagcaggaagctcgagaatgaatcgaagtcctgagcgaggatctgcagcaggta,BF000000.2,tmp_005111,1,cystathionine gamma-synthase family protein,not significant
94,STRG.2958,cgccacgcgccggcgcctgaacggccggccgccgcgtggcggccgacgcacctcccgacgcacttccaggaaaccgatgccataaatctttaacgatgggccgcgacaatggcgcccgtgtcgatcgccgtgagttggagccggcgttgc,BF000000.2,tmp_005131,1,ABC transporter substrate-binding protein,up
95,STRG.728,ggcgtcgtgtcgtgcttctctcggccacgctgtcgagcgccgccaggatccgcaggccgcgctcgttcaggtatttctccacgcgtgagccgcgcgcgcggttttgcaggtcggcgctggtgcggtacttgccggacaggaagccgctcg,BF000000.2,tmp_005151,1,hypothetical protein,not significant
96,STRG.2967,tccgcaccgagcaggacgagggcgtggtccacctgatcgacgaccgctaccggacgcgcgcggtgcgcgacctgctgcccaggtggtggcgcgtgagctgaggcggcccggctgctgcgctcgaatcgacgtcatctgctgctgttctcg,BF000000.2,tmp_005168,1,DUF2970 domain-containing protein,up
97,STRG.2970,gggtgtcaggcatgaaacggactccagaggaacgtgcgacgaaccgggtcacacgaaagttgatgttttaacactggtttgttactaatagcgcagttgcagcggaccggggcagacttcccggcgcgacggataccacggaaggacgaa,BF000000.2,tmp_005173,1,DNA-binding transcriptional repressor DeoR,not significant
98,STRG.2971,ccggcgaacgcgacgaacggcgttgagcgcgcgccctccctgcgcggatcgggcgcgggtgcgcggcgacggccgcggcggtatcatggcgccgacccgcatgacccgcggcggctgggcgccgcggctgaccaaggatttcccgtgagt,BF000000.2,tmp_005176,1,nucleoside hydrolase,not significant
99,STRG.2987,tagcgaataacgaatagcgaataacgcggcgcgaagcgcgcacggcgaagcgcggcgcgcatgacacggcgcaaggacacggcgtgaaaagtccggtggacgcttaaatcagacgaaagcgacgggcgcgcaacggctcgggatccggac,BF000000.2,tmp_005227,1,methyl-accepting chemotaxis protein,up
100,STRG.2992,gtgagtcgcgcgcgcggatgaggcggggatcctggcgcgagcgcacgttgcgccgacgacgcagtggccgggtcaggctcgtcgagcatcgccgcgcgtgtgcgatggtgggccggacgcgcgacgctcaccgggcgatccgtttaaggc,BF000000.2,tmp_005235,2,amino acid permease,not significant
101,STRG.2999,gggggcgtgcgtatcgatgccgcacgtgtgttccggaggcttgatgcgggtcaagcaggccgggcgggcggcgcgcgagactgctggtggaacgcgtttcacgcggtttttccgaatcgggagaggcttatgtacaaacggatcttcgtg,BF000000.2,tmp_005251,1,universal stress protein,down
102,STRG.765,ccgccatcctgcgtttccccgcgacgcgcgctcgccgccccatgcgacgccgcgtcgccgtcgcccccgtccgcccccgcgcatgaaataatccaccccgcgccgccacgacctagcctctcggcccgacgaaccggccacgcgtcgcca,BF000000.2,tmp_005274,2,(2Fe-2S)-binding protein,down
103,STRG.765,ccgccatcctgcgtttccccgcgacgcgcgctcgccgccccatgcgacgccgcgtcgccgtcgcccccgtccgcccccgcgcatgaaataatccaccccgcgccgccacgacctagcctctcggcccgacgaaccggccacgcgtcgcca,BF000000.2,tmp_005275,2,molybdopterin-dependent oxidoreductase,down
104,STRG.3013,gagaggtttaaacagatgccgctttagtatcattttccgacgccgaaaaacccttatataagaccggccggccaccttgtatccaaactgagcgcatgatagcctgaattcggctcgtaatcgtggcgataatcaaataaatgtcgttcg,BF000000.2,tmp_005286,2,hypothetical protein,up
105,STRG.3013,gagaggtttaaacagatgccgctttagtatcattttccgacgccgaaaaacccttatataagaccggccggccaccttgtatccaaactgagcgcatgatagcctgaattcggctcgtaatcgtggcgataatcaaataaatgtcgttcg,BF000000.2,tmp_005287,2,hypothetical protein,not significant
106,STRG.771,cgcgcgggcgttggcgcgcccttacttgccgttgctgttgaacgacttcgggttctgcaggtagccgccgagcgtcggcaggaactggccgagcgccgtcatcaccggtgcggctgccaccgcgaggctgcccagcgagctgatcgggcc,BF000000.2,tmp_005288,1,TolC family protein,up
107,STRG.3063,gtgccgctcgcgcggctgttgccggtgggcgagccggaggagccttcggtcgtggcggcgcgctgacggccgcgccgatcgtcgcgggcagggcggatggacgggcgcggcacgaaagggagagacggcggagatcggtcatggcgctcg,BF000000.2,tmp_005362,2,SufS family cysteine desulfurase,down
108,STRG.3063,gtgccgctcgcgcggctgttgccggtgggcgagccggaggagccttcggtcgtggcggcgcgctgacggccgcgccgatcgtcgcgggcagggcggatggacgggcgcggcacgaaagggagagacggcggagatcggtcatggcgctcg,BF000000.2,tmp_005363,2,hypothetical protein,down
109,STRG.794,ctcaccgatccaaccccgattgtcgcgcatgggattggagaggcggagcaggcaagccgccaatctgcgtgagaagccggtagaatcaaggtttttggtcatcaaaaagcaataaattacaaatccgtatatattccgccgatggaccag,BF000000.2,tmp_005372,2,2OG-Fe(II) oxygenase,not significant
110,STRG.804,tcgacaactccggcacgctcgacgatgcggggcgcgcactcatcgccctgctacgcgagcacccctgagcgccactcctatttctagtagctccccgcaagatcgtcggtcatctaccatttaattaatcgtttccgacgagattgtccc,BF000000.2,tmp_005420,1,BBE domain-containing protein,not significant
111,STRG.806,ttgctcaccaacagctgactcgatgtatttgatcctaatcaaactttaattttttggtaaatatcttgtaattacaaaattgaacttctaggatgcctcctgcagttcacagtacctctacagttttaatgcttgcgcttaattcactta,BF000000.2,tmp_005422,1,M4 family metallopeptidase,down
112,STRG.3086,caaaaagggtgcggcttgagtgaaccggcggccccccggccgacggtgcggtaggtgtgagaataatggaaaacgactgggttgggagcggtcgcgggcggggcggagtggggggatattacgaatctgtgctggatggaaatgcttgtg,BF000000.2,tmp_005425,1,DUF3592 domain-containing protein,not significant
113,STRG.815,acgctcgcgacctcgttggtcgtgaatcccggccagccccgcgcatcgagaatgcgagcccccgcgatgatgatcgcctccacggtcgccctggagcgggcttgccgtggcgctttgcgcatcgccgcgccgcgcgcggaaacacgagtg,BF000000.2,tmp_005444,2,DinB family protein,not significant
114,STRG.815,acgctcgcgacctcgttggtcgtgaatcccggccagccccgcgcatcgagaatgcgagcccccgcgatgatgatcgcctccacggtcgccctggagcgggcttgccgtggcgctttgcgcatcgccgcgccgcgcgcggaaacacgagtg,BF000000.2,tmp_005446,2,DNA-binding protein,up
115,STRG.3098,taccgggatgccgtcgttcgaccgctgacgattgcggggaaaagcgcgacgcgcgccgatacgatgcgaggtttacaagcaaaaccgcctatgggagtatcggcgcatggacaccttcgatatgcgcatcgcgcttcatcaccaccacgc,BF000000.2,tmp_005447,1,ATP phosphoribosyltransferase regulatory subunit,up
116,STRG.3101,tcccacgcgattgtcgcgtcgaatgacaaacggaacggccatcgttgaccggatcgggcattgggttattccgcttgctcagcaataagaaacccttgaaccaatcagtcgcataaatcgatatttggtaatatgccgtaacgagcgaga,BF000000.2,tmp_005456,2,hypothetical protein,not significant
117,STRG.823,cttcgccgcgcaggctcatcgaccgtccgcgccgcgtcggccgtcccgccgcccccgccggccttccgccgtcgctgcgccaggtctcccctcccacctctcaacgatgaaggcatgcaacatgaatctctatcaaggcgtagcacaatg,BF000000.2,tmp_005498,1,hypothetical protein,down
118,STRG.824,gcagccacgcagcgggatcggcgggcggcgcttcgtccggacgcgcgccgagcccgaagcggttcatcgcgatcgccgctgaggccggatcgggagagggggacatgctcgttccttcgcgcgggagagatgaacgttaaacggaggggg,BF000000.2,tmp_005505,4,hypothetical protein,not significant
119,STRG.824,gcagccacgcagcgggatcggcgggcggcgcttcgtccggacgcgcgccgagcccgaagcggttcatcgcgatcgccgctgaggccggatcgggagagggggacatgctcgttccttcgcgcgggagagatgaacgttaaacggaggggg,BF000000.2,tmp_005506,4,hypothetical protein,not significant
120,STRG.837,ccacgtcgcgacgatgcgcgcccgatacgcgcggcggccggcggcaggcccggaacgggccgtcgtcagccgccgggcttcgcggcccgaccgatcgcggcccgaccgaccccgaacgacgacccgacaccgacggagggcgcacccgcc,BF000000.2,tmp_005558,1,N-acetyltransferase,up
121,STRG.849,gatatataaggactttcggtccttgtcaccttttggagacactttatttttttcgggttcttgcgtctggtgcggtgcgctattctccaaaacgcaacaaataacgactcactcgcgtggagaaacctaccgatgaagaaactcgcgtta,BF000000.2,tmp_005594,1,porin,down
122,STRG.3166,gttcgcgctggctggctgcaacacggtcgccggcgtcggcgaggacctgagcgcggcgggccacgcgatcaagaaggcggccgactgacgtcgcgccgccgcccccattcggctttgccggcccgcgcggccggcgtccaaccaggttga,BF000000.2,tmp_005620,2,3-isopropylmalate dehydrogenase,not significant
123,STRG.3181,tgccgcgcaacggcggctgagcgcggcggccgggcgctaggcgccgccgatgcggatcgcccgcgcgccgcgcggccggttgccgagccagaccaccagcgcggcgaacgcgatgccgccgatcgtgatcgcgccacagtgcgcggcgac,BF000000.2,tmp_005678,2,DUF2946 domain-containing protein,down
124,STRG.3181,tgccgcgcaacggcggctgagcgcggcggccgggcgctaggcgccgccgatgcggatcgcccgcgcgccgcgcggccggttgccgagccagaccaccagcgcggcgaacgcgatgccgccgatcgtgatcgcgccacagtgcgcggcgac,BF000000.2,tmp_005679,2,cytochrome b,not significant
125,STRG.3196,ggaattgaaaaaatatttggagtattgattgatttttattaaaaaataataattttatatgctaaatacttttattcggatggcggtatatttggggattgggttggcctggtggatcatgggtggaagtccagagatcgctgccttttc,BF000000.2,tmp_005722,2,DUF5384 family protein,up
126,STRG.3196,ggaattgaaaaaatatttggagtattgattgatttttattaaaaaataataattttatatgctaaatacttttattcggatggcggtatatttggggattgggttggcctggtggatcatgggtggaagtccagagatcgctgccttttc,BF000000.2,tmp_005723,2,glycine zipper domain-containing protein,up
127,STRG.878,ctcgatcagctgcagcgacactagcttttagtgacaactccggggtttcgccaaccagattaataagcaggtccgcaatcagtcgaacacggggcgaatgtttgacgtccgggtgcatcacgagccacaactgccgaacagtcgagcaag,BF000000.2,tmp_005738,5,flagellar filament capping protein FliD,up
128,STRG.878,ctcgatcagctgcagcgacactagcttttagtgacaactccggggtttcgccaaccagattaataagcaggtccgcaatcagtcgaacacggggcgaatgtttgacgtccgggtgcatcacgagccacaactgccgaacagtcgagcaag,BF000000.2,tmp_005739,5,hypothetical protein,up
129,STRG.878,ctcgatcagctgcagcgacactagcttttagtgacaactccggggtttcgccaaccagattaataagcaggtccgcaatcagtcgaacacggggcgaatgtttgacgtccgggtgcatcacgagccacaactgccgaacagtcgagcaag,BF000000.2,tmp_005740,5,hypothetical protein,up
130,STRG.3201,gcgacggcggacgcgaacgccgcccatgctggaggctggtcgccgcgtaccttcacgacgcgacgcgtctgcgtcttgcgaccgtcaaggatggcccgtaccatcgaaccagaaaacaatatcgggagttcacgcatggatgcggcctcg,BF000000.2,tmp_005741,7,ISKra4 family transposase,not significant
131,STRG.3201,gcgacggcggacgcgaacgccgcccatgctggaggctggtcgccgcgtaccttcacgacgcgacgcgtctgcgtcttgcgaccgtcaaggatggcccgtaccatcgaaccagaaaacaatatcgggagttcacgcatggatgcggcctcg,BF000000.2,tmp_005742,7,hypothetical protein,up
132,STRG.3201,gcgacggcggacgcgaacgccgcccatgctggaggctggtcgccgcgtaccttcacgacgcgacgcgtctgcgtcttgcgaccgtcaaggatggcccgtaccatcgaaccagaaaacaatatcgggagttcacgcatggatgcggcctcg,BF000000.2,tmp_005743,7,methyltransferase domain-containing protein,not significant
133,STRG.3201,gcgacggcggacgcgaacgccgcccatgctggaggctggtcgccgcgtaccttcacgacgcgacgcgtctgcgtcttgcgaccgtcaaggatggcccgtaccatcgaaccagaaaacaatatcgggagttcacgcatggatgcggcctcg,BF000000.2,tmp_005744,7,hypothetical protein,not significant
134,STRG.3201,gcgacggcggacgcgaacgccgcccatgctggaggctggtcgccgcgtaccttcacgacgcgacgcgtctgcgtcttgcgaccgtcaaggatggcccgtaccatcgaaccagaaaacaatatcgggagttcacgcatggatgcggcctcg,BF000000.2,tmp_005745,7,hypothetical protein,not significant
135,STRG.3201,gcgacggcggacgcgaacgccgcccatgctggaggctggtcgccgcgtaccttcacgacgcgacgcgtctgcgtcttgcgaccgtcaaggatggcccgtaccatcgaaccagaaaacaatatcgggagttcacgcatggatgcggcctcg,BF000000.2,tmp_005746,7,IS3 family transposase,up
136,STRG.3201,gcgacggcggacgcgaacgccgcccatgctggaggctggtcgccgcgtaccttcacgacgcgacgcgtctgcgtcttgcgaccgtcaaggatggcccgtaccatcgaaccagaaaacaatatcgggagttcacgcatggatgcggcctcg,BF000000.2,tmp_005747,7,hypothetical protein,up
137,STRG.3206,gcgacgacctgctggttctgcgcgaggccgcgcgcggccagcgcggctgccagcgcgtcgcgcgcgggcagcgggtggcggccgttggcgccggtcttggggcccgacaggtcgtggtcgaggtgcaggtaatgcgcgccggggatgtgg,BF000000.2,tmp_005760,2,exodeoxyribonuclease VII small subunit,not significant
138,STRG.883,ccgctggggcgcggcaaggcgcccgggaaattttgacgtaaatcaggtacttatcccaccccaagtataccgatccaggtataatcaccggttcccctaaatcgatttttcgatggttgggttgttcactgctttcacgctaacaccggg,BF000000.2,tmp_005761,1,aromatic ring-hydroxylating dioxygenase subunit alpha,not significant
139,STRG.888,gaaacatgacgcgttcgatgataggactggaaaggcggcaggctccatcggcagcgggtcggccggggaggcgcggcggggaccggatggccgggctggcgtcatgttaagggaaaacccttacggaaaataaataagttcgcgatcggc,BF000000.2,tmp_005771,3,hypothetical protein,not significant
140,STRG.888,gaaacatgacgcgttcgatgataggactggaaaggcggcaggctccatcggcagcgggtcggccggggaggcgcggcggggaccggatggccgggctggcgtcatgttaagggaaaacccttacggaaaataaataagttcgcgatcggc,BF000000.2,tmp_005772,3,GNAT family N-acetyltransferase,not significant
141,STRG.3213,cgttccacgcggcgatcgggccggacgcgagcgcgctgatctggtcgttcttcgcggcgagcgcgcgcgacgttgtcgtgttgtagcgacacgcggacacagggcgctggcactcgatcagggttttccctataatgcgggtaaatacct,BF000000.2,tmp_005779,1,DUF3563 domain-containing protein,down
142,STRG.3214,gaggaaggcgatcttggtcagcgcgaccacgccgatcgcggcgcccagcacggcgagccaggccgctgcgcggcgcagcgagtagccgagcgcgagccaaagggcgatcgtgacggcgagcggcagcgtgaggcccgcgccaccgagcgc,BF000000.2,tmp_005780,1,PHB depolymerase family esterase,not significant
143,STRG.3226,ctagcgcccgccttgccttccggcttgcgcacgccatattgttacagttagtgatgtaacgatcggcggggatcggccgccgacgcacagaccgcggcgcgcggggtccggcgcgcccggcgtccattcaggagacgtcgatgactgagg,BF000000.2,tmp_005815,1,metal-dependent hydrolase,up
144,STRG.3233,gcgagactatcggcggcattgaaaaagccaattggggggcgcgcatggcaccgcctagatttaaaggcacgatgccgggcggcgcgcgccgcgccgcgcgcatcgttccccacaaacggtcgtccagcccggcgcgacccgcgccggtat,BF000000.2,tmp_005839,2,Fe-S oxidoreductase,not significant
145,STRG.3233,gcgagactatcggcggcattgaaaaagccaattggggggcgcgcatggcaccgcctagatttaaaggcacgatgccgggcggcgcgcgccgcgccgcgcgcatcgttccccacaaacggtcgtccagcccggcgcgacccgcgccggtat,BF000000.2,tmp_005840,2,rubrerythrin family protein,down
146,STRG.3236,ctgcgcgcgcagttttatcaatatctattatttttatcgatcggaatcggtttgattttgcaaatcgtagatctttgtcctagccttttcgtcagctgcctataaaccaaaagttaatgcagtcggatttgctctcatgagggggtgtcc,BF000000.2,tmp_005842,1,autotransporter-associated beta strand repeat-containing protein,not significant
147,STRG.906,agcacggcgcgcacgctgagatcgcagcgcgccgcatcgtctcgatccggcaacatccgcgctcagaccgttgcagttcgcacgccatatcgctaaaatcgctccacgagcttgacgctcgtatcccgcttcttccatcactctacataa,BF000000.2,tmp_005866,1,ABC transporter ATP-binding protein/permease,not significant
148,STRG.3280,cgatgcacgaaggtctgttgccggcgtccttgctgatgcgtggatcaacacccttatgtagccagccttggcctgaggcgtgagaccgtgttcgaccgaggctgtgtgaaaacgcgttgatcgtctagactgaatcaacgcattcaggat,BF000000.2,tmp_005992,1,IS1182 family transposase,up
149,STRG.929,ggcggtcctgccgttcgtcgggcgctggtcggggcaggaagcgggggtgagcgcgcgggggcgcggcgcgctctgatacgctgcgggacgagagaaacgggaaagcgccggccgcgctttccccggcggatgacgcatccgcgccgggac,BF000000.2,tmp_006006,1,right-handed parallel beta-helix repeat-containing protein,not significant
150,STRG.3286,cgagccggccgcccgccttgcgctcgagggcggcgaggcgcgcgacggcgggggcggacgaggcggcggtgtcggccgcatgggcgcgcagggcgaacgcgagcggcgcggcgctgccggccagcagcagcgtacggcggagcggggagt,BF000000.2,tmp_006008,1,LysR family transcriptional regulator,up
151,STRG.3289,gcgagcccgcgtggcggggcctagcgcggtttgtcacgcgcttgacatgtgtcaagcgccgccgcaccccggtgcctacagtgcagcgcatgggcgggccggctgtcgacgcgagatgtcgcggcggccggcccgcatcgtttctcaatc,BF000000.2,tmp_006018,2,RICIN domain-containing protein,not significant
152,STRG.3289,gcgagcccgcgtggcggggcctagcgcggtttgtcacgcgcttgacatgtgtcaagcgccgccgcaccccggtgcctacagtgcagcgcatgggcgggccggctgtcgacgcgagatgtcgcggcggccggcccgcatcgtttctcaatc,BF000000.2,tmp_006019,2,acetoacetyl-CoA reductase,not significant
153,STRG.3293,gcgcgcggcgcgggccgggtgcgcgggatctgagcccgatcagaaagcggccggtggctcgttgatgcaggtcaatcgacgtggcggatatttcccgatgatgagacgacggtcgcacgaggcgatcgtctgtcgtgctgctccgatgag,BF000000.2,tmp_006025,1,hypothetical protein,down
154,STRG.3298,cgaagatggtcagccggttcagattgacgtcgcgcaggtccgccatcggattgtccattcatgaaggattgtgtttcgtcgattatccaccttccgaggagagttggcgcgcgttaggctgcgcatgtccgtcgtcgtgcggcggcggat,BF000000.2,tmp_006038,1,glutathione S-transferase,not significant
155,STRG.3300,ccctgggagtgaagatttcgagcccgaggctgatataccgatggcgcgcggtcgcgcgccggtgatcaccgtgatgtatgatactcattgagtagattaaacgtgaggcgaccgcgcatgcgcaccctggctgaacaccctatcgacgcc,BF000000.2,tmp_006047,4,nucleotidyltransferase domain-containing protein,up
156,STRG.4626,cgcccgcgtcgagccgagcgagacggtcgagcgccgagagcgcgcgaaagcctcgcatcttgagcgacaccgcgccgcgcacgatgcgccagaacggcagccactcgaagccggccgcgcttcgctcgccgagcgtgcggcttgcccaga,BF000000.5,tmp_006773,1,arabinose operon transcriptional regulator AraC,down
157,STRG.2295,tgattatttgcacggcgtcacactttgctatgccatagcatttttatccataagattagcggatcctacctgacgctttttatcgcaactctctactgtttctccatacccgtttttttggggtcgactctagaggatccccgggtacct,BF000000.5,tmp_006774,3,capistruin family lasso peptide,down
158,STRG.2295,tgattatttgcacggcgtcacactttgctatgccatagcatttttatccataagattagcggatcctacctgacgctttttatcgcaactctctactgtttctccatacccgtttttttggggtcgactctagaggatccccgggtacct,BF000000.5,tmp_006775,3,lasso peptide biosynthesis B2 protein,down
159,STRG.2295,tgattatttgcacggcgtcacactttgctatgccatagcatttttatccataagattagcggatcctacctgacgctttttatcgcaactctctactgtttctccatacccgtttttttggggtcgactctagaggatccccgggtacct,BF000000.5,tmp_006776,3,lasso peptide isopeptide bond-forming cyclase,down
160,STRG.4628,gggtcattatagcgattttttcggtatatccatcctttttcgcacgatatacaggattttgccaaagggttcgtgtagactttccttggtgtatccaacggcgtcagccgggcaggataggtgaagtaggcccacccgcgagcgggtgtt,BF000000.5,tmp_006778,3,hypothetical protein,down
161,STRG.4628,gggtcattatagcgattttttcggtatatccatcctttttcgcacgatatacaggattttgccaaagggttcgtgtagactttccttggtgtatccaacggcgtcagccgggcaggataggtgaagtaggcccacccgcgagcgggtgtt,BF000000.5,tmp_006779,3,class A beta-lactamase,down
162,STRG.4628,gggtcattatagcgattttttcggtatatccatcctttttcgcacgatatacaggattttgccaaagggttcgtgtagactttccttggtgtatccaacggcgtcagccgggcaggataggtgaagtaggcccacccgcgagcgggtgtt,BF000000.5,tmp_006782,3,conjugal transfer transcriptional regulator TraJ,down
163,STRG.2298,gggcttacatggcgatagctagactgggcggttttatggacagcaagcgaaccggaattgccagctggggcgccctctggtaaggttgggaagccctgcaaagtaaactggatggctttcttgccgccaaggatctgatggcgcagggga,BF000000.5,tmp_006781,2,aminoglycoside O-phosphotransferase APH(3')-IIa,down
164,STRG.2298,gggcttacatggcgatagctagactgggcggttttatggacagcaagcgaaccggaattgccagctggggcgccctctggtaaggttgggaagccctgcaaagtaaactggatggctttcttgccgccaaggatctgatggcgcagggga,BF000000.5,tmp_006783,2,TraK family protein,down
165,STRG.2299,ctcactcattaggcaccccaggctttacactttatgcttccggctcgtatgttgtgtggaattgtgagcggataacaatttcacacaggaaacagctatgaccatgattacgccaagctatttaggtgacactatagaatactcaagctc,BF000000.5,tmp_006785,1,replication initiation protein,down
166,STRG.3314,aatccgcgcgcgccatccacaagcccgcccacgaccgtcgacgccttcatgaaccccgggtcactcccgaccgtggcattttcggtttggcgactacactacgaaagaggatccggcacgctccggtccctgccgggagatgccgccatg,BF000000.1,tmp_000007,1,transglycosylase domain-containing protein,not significant
167,STRG.955,gaacctgctcatcggatccgacccttgcaactgttacactttccgcactgcggcatcggtgcgtcgaaatcgccagaaagcccgccgggcggggcattgagcgagatcaggccgatcggggaaggatcctggggcggttcttgaatttgt,BF000000.1,tmp_000010,2,chaperonin GroEL,not significant
168,STRG.956,ggacaggcaggacaacggcgggacgcaccaagcatgggcatcctgtcggcattatgcggccgaatcaggcgggccgaccgggtttttttatcgcaccgcaacgaagcgccgcgcgtcgaggcggattgctaggcagtccggccccgacac,BF000000.1,tmp_000012,1,rubredoxin,not significant
169,STRG.3336,cgcgcggtgcgcacgttctcggtataggcgaagcggcgcagcgcgggctgcggctggtcgccgccgggcgtgggattgtactgcaccggttcgtcgcccacgcggccgtggatgaacaggcggtcgctgtggacgagctggtggccctcg,BF000000.1,tmp_000071,2,S8 family serine peptidase,up
170,STRG.3336,cgcgcggtgcgcacgttctcggtataggcgaagcggcgcagcgcgggctgcggctggtcgccgccgggcgtgggattgtactgcaccggttcgtcgcccacgcggccgtggatgaacaggcggtcgctgtggacgagctggtggccctcg,BF000000.1,tmp_000072,2,IS5 family transposase,up
171,STRG.3337,cgtggcacgatgacgacggcaagcacacgacgaggtccgtgcttcggacgaaagcgcttgacgccccccttgacgaagcgtactgtggctcgcgaagtattcaagaagtgtgattgctgctcaccatcggccgcggcctgcggtattcgt,BF000000.1,tmp_000084,10,hypothetical protein,up
172,STRG.3337,cgtggcacgatgacgacggcaagcacacgacgaggtccgtgcttcggacgaaagcgcttgacgccccccttgacgaagcgtactgtggctcgcgaagtattcaagaagtgtgattgctgctcaccatcggccgcggcctgcggtattcgt,BF000000.1,tmp_000085,10,30S ribosomal protein S21,up
173,STRG.3337,cgtggcacgatgacgacggcaagcacacgacgaggtccgtgcttcggacgaaagcgcttgacgccccccttgacgaagcgtactgtggctcgcgaagtattcaagaagtgtgattgctgctcaccatcggccgcggcctgcggtattcgt,BF000000.1,tmp_000086,10,hypothetical protein,up
174,STRG.3337,cgtggcacgatgacgacggcaagcacacgacgaggtccgtgcttcggacgaaagcgcttgacgccccccttgacgaagcgtactgtggctcgcgaagtattcaagaagtgtgattgctgctcaccatcggccgcggcctgcggtattcgt,BF000000.1,tmp_000088,10,translation initiation factor IF-1,not significant
175,STRG.976,aattaatgaagattggtgtttcagttttcgctgtcaaggtacttgttccggttcaccgggcgtcacgaaagcgcccggccgtcgttctgcaaggcagcgccaaaaaaccgaccgcgcggccgcgtggtcgtccgagcgtgatccgagggc,BF000000.1,tmp_000092,1,iron-containing redox enzyme family protein,down
176,STRG.996,gcggccgcgcgccgtcatcttgacatgcgccggcgcgtacgggccgagcggccccgcaacgggcgaccgccgtgacggggccgcggtgcgttagaatcctcgtttcatacaacgatttttcctgtcctcccatgctcgacatccagttgc,BF000000.1,tmp_000146,7,hypothetical protein,not significant
177,STRG.996,gcggccgcgcgccgtcatcttgacatgcgccggcgcgtacgggccgagcggccccgcaacgggcgaccgccgtgacggggccgcggtgcgttagaatcctcgtttcatacaacgatttttcctgtcctcccatgctcgacatccagttgc,BF000000.1,tmp_000147,7,DUF2778 domain-containing protein,up
178,STRG.996,gcggccgcgcgccgtcatcttgacatgcgccggcgcgtacgggccgagcggccccgcaacgggcgaccgccgtgacggggccgcggtgcgttagaatcctcgtttcatacaacgatttttcctgtcctcccatgctcgacatccagttgc,BF000000.1,tmp_000148,7,hypothetical protein,not significant
179,STRG.998,gtggggttcggttacaccggcgagcgtgcgccgatcacgcgcattccgggcgcgatgaagtcgctgttcgtgtggcggcttttcaaatgacccgctgccgtcctggcggcgtccctcgcgcccgctgccgggcgccccttcccgaaaaaa,BF000000.1,tmp_000154,1,septum site-determining protein MinC,not significant
180,STRG.3360,cacgacgtcgccgagcgacgtgaccttcacgatgagaatgcgtttcatttggtagtcgaatctcctcgcctttagtttgctattctaaatacacaaaccacgacatacattacggaagaattacattttgacgagatagcaattttttcc,BF000000.1,tmp_000158,1,chloride channel protein,not significant
181,STRG.1000,cgagcccgacggcgatcgcaccgagccagaacacgccgtactggcgccagatgcgctgcgtatggcgcgtgagggaggggaagcgtgacgggcgtggcatggcgaagcgggtgaggcaaaggcccaattatagggagtccgcgcgatccc,BF000000.1,tmp_000159,1,lipopolysaccharide heptosyltransferase I,not significant
182,STRG.1005,agatgtattagcgtcaattaagataagcggtcatcaaaaattttcttgactgaattggatgctccaatttataaaagcagcactaagccttcggtgctttctgcctccggttacgagggtgggggatgagggatttttagtgacggcata,BF000000.1,tmp_000177,2,cold-shock protein,not significant
183,STRG.3388,cacgtacaagtgcgcgtcgcattcgatctcaatcatttatgcacgctcatttcctattgcgacgccgccgcgatcagcttatcgtcaacggcaatcaatcaaaacagagttgatttgcgcaccatatgcacagcgtgcgcatatatgact,BF000000.1,tmp_000209,2,formate dehydrogenase,up
184,STRG.1046,gggctgcctgacggcgcgtggatttcaggcgcatgacgaataacggggaaggagcaaccaggatcgcatcatgggaaaattgtaagtctgttgttcggccgccgggcggccgtcggcgcattttgtgcggtaagtgtttgttgtgcctct,BF000000.1,tmp_000249,2,30S ribosomal protein S16,not significant
185,STRG.3413,ccgccatcggtcgcgcggggtcgacctgtcgacgtcggcgggcgggcggcgagaccttccggcaagcgccggctgtccggcccgaacagccagcgcggcttcgccccactgacgtcagcgcgccacccagccggccggcatcgagcatcg,BF000000.1,tmp_000283,1,DUF4088 domain-containing protein,up
186,STRG.1089,aagccggcattgtaaacaagcccgtgcgcgatgccgcgtcgatgtttgtgtcgcggcggcatccggctcattttgagataaaattccacatcttgcgatgggcagccagattgcggtgcagcaactcgggcgcggtcgcggtgaaggcgg,BF000000.1,tmp_000379,1,glycosyltransferase family 4 protein,down
187,STRG.1104,cgcggaagtaattgctttcctccagaaaggtgcggtcgcatcttgctatgaattcctcgtcttcaagcgcggcaaccgccgcggcggcagccgggcgcgatacattaaacggcggacgcgccatttcggcggtatcgatgagtttttcag,BF000000.1,tmp_000409,1,LysR substrate-binding domain-containing protein,up
188,STRG.3464,cgtcgcgctcggcgcgggcggcgtcgcgctgctcgccgcgctgtggaatcagcgccgcacgcgcgacccgctcgcgtgcaacgcctgacgccgcgccgcacggggtcggatgcgcgacgcccgatcgaaacgaaacatttgattacgaaa,BF000000.1,tmp_000437,3,DMT family transporter,not significant
189,STRG.3464,cgtcgcgctcggcgcgggcggcgtcgcgctgctcgccgcgctgtggaatcagcgccgcacgcgcgacccgctcgcgtgcaacgcctgacgccgcgccgcacggggtcggatgcgcgacgcccgatcgaaacgaaacatttgattacgaaa,BF000000.1,tmp_000438,3,hypothetical protein,down
190,STRG.3464,cgtcgcgctcggcgcgggcggcgtcgcgctgctcgccgcgctgtggaatcagcgccgcacgcgcgacccgctcgcgtgcaacgcctgacgccgcgccgcacggggtcggatgcgcgacgcccgatcgaaacgaaacatttgattacgaaa,BF000000.1,tmp_000439,3,glycine zipper 2TM domain-containing protein,down
191,STRG.3475,gcgcacgtaaatcgatgcttatatatagtacgcacgaaattttatgcaactctttaatttgatatttaatcggacccgaaaacgacacaaataaccactcataataacgcgcgaggatcgttcatcgcctcgcaacgatatccggctttg,BF000000.1,tmp_000455,2,"2,3-diaminopropionate biosynthesis protein SbnB",down
192,STRG.3475,gcgcacgtaaatcgatgcttatatatagtacgcacgaaattttatgcaactctttaatttgatatttaatcggacccgaaaacgacacaaataaccactcataataacgcgcgaggatcgttcatcgcctcgcaacgatatccggctttg,BF000000.1,tmp_000456,2,"2,3-diaminopropionate biosynthesis protein SbnA",down
193,STRG.1121,tcggaaggaatgtttgattcggtggatttctggttggtatttgattggaattttatttatcgaaaagaaattgataaaaatcatacgaataggatttccattccggcactaaacagtactatacgcaaccgaagagtcaagcaatcggcg,BF000000.1,tmp_000457,3,hypothetical protein,down
194,STRG.1121,tcggaaggaatgtttgattcggtggatttctggttggtatttgattggaattttatttatcgaaaagaaattgataaaaatcatacgaataggatttccattccggcactaaacagtactatacgcaaccgaagagtcaagcaatcggcg,BF000000.1,tmp_000458,3,amino acid adenylation domain-containing protein,down
195,STRG.1121,tcggaaggaatgtttgattcggtggatttctggttggtatttgattggaattttatttatcgaaaagaaattgataaaaatcatacgaataggatttccattccggcactaaacagtactatacgcaaccgaagagtcaagcaatcggcg,BF000000.1,tmp_000459,3,amino acid adenylation domain-containing protein,down
196,STRG.1130,atgaagccgtacgccgaacgcgtctcgacgaaaaagggcggaacgaaagaagacgcgatccttggaatgagcattcgataagatccatcagactgtcgcggaattcgtgcctgctagaattcgagcgaattcctctggaggcgatatggc,BF000000.1,tmp_000470,8,type VI secretion system tip protein VgrG,not significant
197,STRG.3488,tattttttccggcgaaatgattttccaatcaaattaaacaccgtgcaaatttctatcgatttcatactagacacccgagtatcttgaaactaacatgggctcgcctgtcgtaacgaagtccgcagcaagcatttcaaccacacgcagcgc,BF000000.1,tmp_000515,1,MbtH family protein,not significant
198,STRG.3502,tgccagtaaatgcggggatgtaaccatcgagagggctccgttctcgtccgaccgccgggcgattgccgcgccggccgtaaaaatcaaaggcgccattttaaagcgtagtacgctttcacgtgtcgcctgacgcgagatcctgcgttcctt,BF000000.1,tmp_000546,1,polyphosphate kinase 1,not significant
199,STRG.1172,acgcgcgacggtggccggcaggcggtgctgcgtgcggcgatctcccccgatctgatttgattacggtcgatcaaacggcatttcaggcattctgctaaagtcaattcggcgacacgtcatcgaatagacaccgttttgccacgcaagctt,BF000000.1,tmp_000562,1,GNAT family N-acetyltransferase,down
200,STRG.3511,gtctaatggaaatcgcgcccgccggcagcggacgcccgtgtcgccacgatccggcccgctttcattccgcccggcctgacctactatcaagggatggcgctgaagccgcggaaaggagggctgccatggataccgaatcgattgcgggcc,BF000000.1,tmp_000563,1,hypothetical protein,down
201,STRG.1180,ggcgggcggccgcaccgcaagggccagcggcgcgcgcgcacctaccgacctccatcggccgacggcgcttgagtgcccggccggtccgccgcgcgcgcgggttcgcgcacggcgcagcgcttcacgcttcacttctcgccgctttgtttt,BF000000.1,tmp_000582,1,LysR family transcriptional regulator,not significant
202,STRG.1188,cgcggacgccgcagtgacgggcgtgtcccggctaaaaaagtccaaatgattttgacaaatcaatactttgtggctagtatcgaccgaaattttccgccaatcagctgatttttaagcgtaaatccatcgaccaatgcagcaccgatatct,BF000000.1,tmp_000602,1,C40 family peptidase,not significant
203,STRG.1192,ccgcggccaccggccgcgcgcgtacgcacatcggatgcgcaggcgtgggcgtgaactcgggaggaatctcgatgatggtgggcgcggcgctcgcgcgcgggggaacggatgggctcatgggcgatcgaagtcggtgcggcatgcgacggg,BF000000.1,tmp_000612,1,ribonuclease E activity regulator RraA,down
204,STRG.3533,ttccgtcccgattcgcgacgcgcggcgcgcgcgccgcggtttggaagaaacgctcgacccgccatcgcgccccgcttgctaagatcgccccaccttgaaaccttacggagacacccgatgagcgacatcaccgttcaattcaaccaggcc,BF000000.1,tmp_000620,2,acyl-CoA-binding protein,up
205,STRG.1222,cgcgacgacgcgcgcctctacgaggtgcgcgcggtgcgcggcaactgcctgatcgttgccgcgaaacccgcggcctgacgcgcgacaccccgcattcacgctatgttcactactggaggttaattacatggactcgctcatcatttgggt,BF000000.1,tmp_000666,3,paraslipin,down
206,STRG.1222,cgcgacgacgcgcgcctctacgaggtgcgcgcggtgcgcggcaactgcctgatcgttgccgcgaaacccgcggcctgacgcgcgacaccccgcattcacgctatgttcactactggaggttaattacatggactcgctcatcatttgggt,BF000000.1,tmp_000669,3,RnfH family protein,not significant
207,STRG.1225,cagccgccgggttcgggccggcttcgaccgaaggcggcgagccgcgcagcgatgcgccgcggccgccggtccagccctagttgcgcgggccgtcccgtttcgtttttgatgcagcgccgtgtgcgctgtttttcttacctgtttgttttt,BF000000.1,tmp_000676,4,DJ-1/PfpI family protein,up
208,STRG.3562,ggccagctcggccggcgtgtcgaccacgctcgcgccctcggccgcgagcgcgtccgccttctcccgcgtgcggttccacacccacacccgatgccccgcccgcagcagatggcggatcatcggcgcgcccatcaggcccgggccgcaaaa,BF000000.1,tmp_000707,1,dodecin family protein,not significant
209,STRG.1244,tgcgatttttcaggggttacagtcagttacaaaatttacccgtgcaacgatgcggagtaaagacagtcggcacagactcctttactcctactggagattcagtagatactcccccactcaacttttccattatctgcacacccgatttcc,BF000000.1,tmp_000726,1,hypothetical protein,down
210,STRG.1251,acctcagtacggcgaccttgatctaggcgttgtgcgcgagtcggcttacgcgtggttctagctttcattgtgaaagaacgtgtaaacttctcgtcggggctaaacgattacaactcaaacaagacaatgatcaaacaactaactgccgta,BF000000.1,tmp_000744,5,hypothetical protein,not significant
211,STRG.1251,acctcagtacggcgaccttgatctaggcgttgtgcgcgagtcggcttacgcgtggttctagctttcattgtgaaagaacgtgtaaacttctcgtcggggctaaacgattacaactcaaacaagacaatgatcaaacaactaactgccgta,BF000000.1,tmp_000746,5,hypothetical protein,up
212,STRG.1251,acctcagtacggcgaccttgatctaggcgttgtgcgcgagtcggcttacgcgtggttctagctttcattgtgaaagaacgtgtaaacttctcgtcggggctaaacgattacaactcaaacaagacaatgatcaaacaactaactgccgta,BF000000.1,tmp_000747,5,glycoside hydrolase family protein,not significant
213,STRG.3577,cgaccgccgcgcattccccgtcaaaacccgggcaatacatttgtttcccacaaaatacctcgaattattattgtaatttcccgccatttatcgtagttgcccgcgaatatcggcgcaggtattttgatctcgctccatacaaaatccata,BF000000.1,tmp_000751,1,amidohydrolase,not significant
214,STRG.3584,acgccgcgcgcgcatcctcgtcgagcgcgccgagttcgtgaccgagcaggcgaaccgtgccatccgtcgcgctgtccaagccggcaagcagcccgagcagcgtcgacttgcccgatccggacgcgccgacgatcgcgacgctgctgcccg,BF000000.1,tmp_000770,1,arylesterase,down
215,STRG.3591,tcgtgatcgcgctgatccgccgtgcgctgcggcgcccgcccatcaagccccccgtttcgcattgacgcgccgggtcgatgcttctcaacacgaacgatgcccgaacgcgggccgcccgaacgcgggccgccgaaatgccttcgtaagccg,BF000000.1,tmp_000808,1,hypothetical protein,not significant
216,STRG.1292,gcggaatgaccggggccggatcatccggcggcccgacatggacgggaaagaggggcgcaggcgctttaggcgggacgaaaaacgggccaagtggttgaaaacacggtcgatttgcagtgccggccactggaaaaccttgcatgcggactg,BF000000.1,tmp_000826,5,replicative DNA helicase,not significant
217,STRG.3625,cgcacctccagcgcttcgctcgtcagatcatcgtcgagcgaatcactggaaggagcgttggacgacgaggcgcttgggctataatcgtcgctatttgccatgcccggccgggcatgcaatgaacttgaacgggtcatttagactgggtca,BF000000.1,tmp_000893,1,outer membrane protein assembly factor BamD,not significant
218,STRG.3629,gggaacgctgaagatcgtcggcggggtttaccgcctggcgagcggcaaggtcgaatccgtggtgtaacgccgtcgggcctgcgaccggttcaccggcttacgccaccgtcacattgtgattccggccacggtttcctaagctgattgcat,BF000000.1,tmp_000900,1,DUF4430 domain-containing protein,down
219,STRG.1339,atcgttcgataacgcgtgccaggcaagttcgcagccgagcggctacgggtatcaccgcacggcaaggcgcgccgtcgccgcgcgcggccccgcatccgggtaacggcgttcaagatcaagagggtgcagcgtagaagcaatggcagtgag,BF000000.1,tmp_000927,2,SDR family oxidoreductase,not significant
220,STRG.1339,atcgttcgataacgcgtgccaggcaagttcgcagccgagcggctacgggtatcaccgcacggcaaggcgcgccgtcgccgcgcgcggccccgcatccgggtaacggcgttcaagatcaagagggtgcagcgtagaagcaatggcagtgag,BF000000.1,tmp_000928,2,transposase,down
221,STRG.1341,ggcgcggcgccggcttggcatccgcggatttcccttcgcgagcctttcgtcacgcttcgccgcgcgccgccgctgcctaccagaattggtagctggatatgcccttgattccgatctagtttttgatcaaggatcggaaaaaatcaccgc,BF000000.1,tmp_000936,2,gamma-glutamylcyclotransferase,down
222,STRG.1341,ggcgcggcgccggcttggcatccgcggatttcccttcgcgagcctttcgtcacgcttcgccgcgcgccgccgctgcctaccagaattggtagctggatatgcccttgattccgatctagtttttgatcaaggatcggaaaaaatcaccgc,BF000000.1,tmp_000937,2,class I tRNA ligase family protein,not significant
223,STRG.3660,gccgaactggggtgaggatggcctcgcgcaaaggacgtcgcgcggattgcctcgcccggattcacaagcgtcggccggccgcgtccgtaatcgcagagggcaacgccgcttcgtcggccggcccgtttccttccatccgccgccgcaccc,BF000000.1,tmp_000988,1,RebB family R body protein,down
224,STRG.3664,acactactacgccaatgcgaaaaactgatgacgtgaacaatgtctccggcgcatcgaacacgagcatcgtccctagtacgatagcctgtattagcaccgttgcaagtgacgcgacgagcaggtaggcgcgccattgatcaaccgtggccg,BF000000.1,tmp_000999,2,ATP-binding protein,not significant
225,STRG.1371,gccctgcgacgtcacgcgttgccattgtaagcgcgccgcggatcccgctctcgggcgaaagcttaaggtttccttcagctattcccggtagcatcgggcgaccggccgaacggatcggccgctcccctgaaattgatcacctcatgcatg,BF000000.1,tmp_001001,2,hypothetical protein,down
226,STRG.1371,gccctgcgacgtcacgcgttgccattgtaagcgcgccgcggatcccgctctcgggcgaaagcttaaggtttccttcagctattcccggtagcatcgggcgaccggccgaacggatcggccgctcccctgaaattgatcacctcatgcatg,BF000000.1,tmp_001002,2,hopanoid biosynthesis associated radical SAM protein HpnJ,down
227,STRG.1375,tcgcctcgacaagcttgcgcatgatatttgacataatcaatattatcacaaaaaagcatgcgggaacttgaccgactcaacgtgatccagaccatcgtggaaacgggtttgaagccaggccgagccgcggaacggcctgagtgttccgcc,BF000000.1,tmp_001012,1,ISNCY family transposase,down
228,STRG.1379,cttctcaatcacacgaacatctcccgacgcgcatcaaatcgattgcgattagtgattgatggtgcctgccgcttgaaataaagtacttgagagggtttctgatcggacgccctcgaatccagcctggctgagaaaattccgattcgcatc,BF000000.1,tmp_001021,1,hypothetical protein,not significant
229,STRG.3675,ccgccctgaaccggatagcgcggcaggcaaagccggccgcgcgcgattgctcgattcaattggcggccgggattttatcggatttaaatgggcgtccgcgtgttcattccggagaaccttcatggcccaaatcgacgtcgcagaaatggt,BF000000.1,tmp_001034,2,LLM class flavin-dependent oxidoreductase,not significant
230,STRG.1385,ggacggatcccatagaaaaggctcctggaaaaattaaagttgctcggagatttaagtcaccccggtgcacaataaactaaactatacgttgctcctccggaggctaaaacatgcgctccatcgtgcaaatggtgttaggccttgtatttt,BF000000.1,tmp_001039,1,hypothetical protein,not significant
231,STRG.1388,gagggtgtgcatgaacggcatcgtagcggctggcggcgcgacggtcaacgcatggacaagcaccgccgcgcgtggtcagatgatggccccacaatcgaaggagcgccgccatgagccgccccgactgcatccgccactggaccgaactcg,BF000000.1,tmp_001047,1,cupin domain-containing protein,not significant
232,STRG.3682,cgcggggaaccggttgcatgcgggttcaggtcaaaaaaacgcgcggcgcgcggggcccgacctgctcaattctcaagcagagcgatacaatcagcgtcgcggcgattccattccattccggccggcccgccgcccgttgcgccggacagc,BF000000.1,tmp_001048,1,methyltransferase domain-containing protein,down
233,STRG.1390,ggctggcccaatcggtcaattgatttatcgcaccgtggctcgcctaaaattttcaaatccatttcatgtgcattacaatacatcgcatgacatttgatttttaaatttatcgcgccaactattcatttttataaaattatccaaagccgg,BF000000.1,tmp_001053,2,MFS transporter,up
234,STRG.1390,ggctggcccaatcggtcaattgatttatcgcaccgtggctcgcctaaaattttcaaatccatttcatgtgcattacaatacatcgcatgacatttgatttttaaatttatcgcgccaactattcatttttataaaattatccaaagccgg,BF000000.1,tmp_001054,2,acyl-protein synthase,up
235,STRG.1404,tggtggacgcagggcgatacgccgggcgcgggtggggtgtgggtgaagtcgtgatggggtgagttgctgcggcctgccttccgtgcggtctcgggggcgggccgggtgagcctggggtcgacgcgctgtcggccagtggacagcggatgg,BF000000.1,tmp_001079,6,DUF2971 domain-containing protein,not significant
236,STRG.1413,ggaacggttcgacaacggttcgtcggccgacgtattcatgatgctttctccgttggtctgcacgccggccgcctcgcgcccatgggccgcgccggcctcgatcgaccccgcccggcaggccccgggagtcgactcgatataatcaaagca,BF000000.1,tmp_001105,1,hypothetical protein,up
237,STRG.3706,cagtacggcgcgcccggtcgcgctgcgacagggcttgacgccgatccgaccggcacctcggggcggcgtgctcccgggtacaactttcatctaactttcgtacaaatcactaacaatgatatgggtatttctaaatcatattgagaacga,BF000000.1,tmp_001114,1,RNA polymerase factor sigma-70,down
238,STRG.1416,gaccgtcctcgccgtgatgtggtcctgattccgcgccatcacaaataagacgagtacgaggaacaactggcgcatcgcgccggtcactctacatgcgtcgattctctccccgcggcttacgcctgcccatagatggatcgccgttcggag,BF000000.1,tmp_001124,1,M23 family metallopeptidase,down
239,STRG.3722,cgtcgttccgccaggccgacggtcgacgcagggaggcggggccgtgacagcgcgacttcgccggcttcatccccccatcctgaccggccgggcgtcccacgcgacaagccgcgggagccgcccggggccgtgaagggcaacccgagccgg,BF000000.1,tmp_001152,1,sugar ABC transporter substrate-binding protein,not significant
240,STRG.3740,aaacctttatcaatcatcagtttgtgtggctgggtccgacgagcctcctggtcggacgactacgaaactggctacgacgaaattaacataaaaacggggctaaatgcatcatgtctaggcctgactgtaggttcatcgagcgggctcggc,BF000000.1,tmp_001204,2,hypothetical protein,not significant
241,STRG.1457,aaactctagaggaatctatcgacaaagatgcttgccgccgaccctcgacgctttttatcttaataaaaacggttgtttcaattacatatttgaatcgcttgttcgcgggccgggaaaccggcatgggaggcggaacatggcagttcgtca,BF000000.1,tmp_001247,1,TetR family transcriptional regulator,up
242,STRG.3766,cctatgtgtaagtgctaccgaaaagccgtacaaataaggtgtacgtgacgttggattgtctgaacgaaatgtataaaacaagttggaaggcaaagaggttcggatataagattcgtccgtgcaaggtttgtacgaattggtacacgagga,BF000000.1,tmp_001263,3,prepilin peptidase,not significant
243,STRG.3766,cctatgtgtaagtgctaccgaaaagccgtacaaataaggtgtacgtgacgttggattgtctgaacgaaatgtataaaacaagttggaaggcaaagaggttcggatataagattcgtccgtgcaaggtttgtacgaattggtacacgagga,BF000000.1,tmp_001264,3,Flp family type IVb pilin,not significant
244,STRG.3768,tatcggtggtggaacccgtccgggaagggcgtgggtgttgcgtcgcagcgaaaggtccggtgcggacttgtctgcgtgctataatttgaggcttcccagctgcatggcgcgcgcatgtgtgaatagacatgtgcgcgtttgcgcgtttgt,BF000000.1,tmp_001274,3,translational GTPase TypA,not significant
245,STRG.1462,gatcttgttgatcacgacgatcggcttcaggcccagcgcgagtgccttcttcgtgacgaagcgggtctgcggcatcgggccctcgaccgcgtcgaccagcagcagcaccgagtcgaccatcgacagcacgcgctccacttcgccgccgaa,BF000000.1,tmp_001275,2,MarR family transcriptional regulator,not significant
246,STRG.3774,gcgggctatttttttgtcggttgctttacgtcggttgtccgaggcggcgtgcctcaataccggtgccggcggattcgcgtatgctgggggctccattcttgaggcaggagtcagatatggccgaggttgtcgtggtggcgttgattgtcg,BF000000.1,tmp_001292,2,antibiotic biosynthesis monooxygenase,down
247,STRG.1468,cgcgcactgttgcgcccgttcaacgcagacgcccgggcaccgccaatcgaatgcattgatccgtcacttttgctaaactcggctcactcgattgcagtcgccagacaaatcggcaacactcgggtccatcaccacttagcggaggtagag,BF000000.1,tmp_001291,2,DNA-binding protein,not significant
248,STRG.3796,cgccgcgtgtccggccgcgcgaggggcgggcggatcggtgcgggcggggcgcggaaacaggcgtcgcatcgcccgccgatccgcgctccggacccggcgcggggcaggcggcggcgcgcctcggcgggatgcgccgcatcggttcctcag,BF000000.1,tmp_001338,2,5'-methylthioadenosine/adenosylhomocysteine nucleosidase,down
249,STRG.3809,cgacgatcgagttcacgtactcgaagctttccttttccggattcgtgtcgtcgaagcgcaggtggcagacgccgccgtagctgcgcgcgacgccgaagttcaggcagatgctcttcgcgtggccgatgtgcaggtagccgttcggctccg,BF000000.1,tmp_001374,1,ornithine acetyltransferase,down
250,STRG.1528,gcgccgggacggaggataaattcgggacggacatgaggaatccacgtcgaggcgcgccgggaagctgcgcgcgcaagcgtttacaataggcggtcaggccggcgcgcccagcgcgcgccgcacctggcgccattgtaccggcgcccaacc,BF000000.1,tmp_001453,3,hypothetical protein,not significant
251,STRG.3849,caccgacgaattcgcggcgcgccggatgaacaagggcatcaagcgcgcgctcgcgggccgcaagctcgacgagatctgacaccatgcgctccgcgcggccgccggccggcggagcaccttagacggcgcggcgagcgggccgcgcacctg,BF000000.1,tmp_001468,2,Fe-S cluster assembly protein IscX,up
252,STRG.3849,caccgacgaattcgcggcgcgccggatgaacaagggcatcaagcgcgcgctcgcgggccgcaagctcgacgagatctgacaccatgcgctccgcgcggccgccggccggcggagcaccttagacggcgcggcgagcgggccgcgcacctg,BF000000.1,tmp_001469,2,ISC system 2Fe-2S type ferredoxin,not significant
253,STRG.1536,tgcgggataactcattgttttgtcgataatttaccgatattgtgcgacgcacaaaatatccttgacattcgtttttggcggcctaaaataactctcattgttgcgatgcacaaagcaccgcacgagcgtcgttccccaaacttgtgcctt,BF000000.1,tmp_001482,1,phasin family protein,down
254,STRG.3875,tttgaatcagttaagctggatgtcagcaagtcgtcatgtcgatgttgaggcccgtcaaaacgccatcccgcacctgggcgatggcaaggcttcccggcagcgacggcgcgccgacgggccggtccacggtgccaggctgttcgcaccgca,BF000000.1,tmp_001532,1,hypothetical protein,up
255,STRG.1549,gtgcgcgactggatccgcgacgaggcccgcgcctacgaggccgcgcccacgctcggctgacgccgccggcgtcaggctaccagttctggtagttgcggtgctttttcctcccgcgtgaaataggtcgcgatggaaccgcgaactcgaccg,BF000000.1,tmp_001545,1,ATP-binding cassette domain-containing protein,down
256,STRG.1550,ctgacgcgcgctgcgcggccgcccgccttgatgcagatccgctccatgccgcgcggccgcgcgcacggccgccgcgaacgttagaatctcgattgcgcaccctgcgcaatcattcgttcaaaccacatccggcatcccgggagggcctta,BF000000.1,tmp_001547,1,hypothetical protein,not significant
257,STRG.3883,gcaccgttttacccgcgcccttcctgcatccggcgcgattccttccgcctcgtttcccgccgttcgccgcgcgacccgcgccgtcctcgtccggcgtgcgcgcacgctcgactccccacgcctttcattgtgcatttaattatattcatt,BF000000.1,tmp_001548,1,autoinducer binding domain-containing protein,down
258,STRG.1553,ccaccatcacgcccgccaaacggacgcgtgcggacgcttcgtttcccagacgaactcaaacagcgattctcctactcaagctgagactttagaccactagcggcagcaaacgcacaaagaaacactcagcccgcgaatagctgttgcgcg,BF000000.1,tmp_001563,9,hypothetical protein,up
259,STRG.1553,ccaccatcacgcccgccaaacggacgcgtgcggacgcttcgtttcccagacgaactcaaacagcgattctcctactcaagctgagactttagaccactagcggcagcaaacgcacaaagaaacactcagcccgcgaatagctgttgcgcg,BF000000.1,tmp_001564,9,hypothetical protein,up
260,STRG.1560,cgttccaattccagaacgatccattgcggatcgcccggcttttctctgcaaatcgctccatataatagcttcatgtatcgaaaataaagcgattccccccattccgaagggcctgcccatgtcatccagccgttccatcacacgcacata,BF000000.1,tmp_001589,1,pirin family protein,up
261,STRG.3898,gcagcgcttcctcagttaactgcacgaagacttgcgcttccattgagccatgtcgtctctccgaacgagctaagatctcaccatagtggattgggaggcagtgtgaacattggagcagcggcgcgcgcctcgggcgtcagcgcgaagatg,BF000000.1,tmp_001601,3,hypothetical protein,down
262,STRG.3898,gcagcgcttcctcagttaactgcacgaagacttgcgcttccattgagccatgtcgtctctccgaacgagctaagatctcaccatagtggattgggaggcagtgtgaacattggagcagcggcgcgcgcctcgggcgtcagcgcgaagatg,BF000000.1,tmp_001602,3,DUF3563 domain-containing protein,down
263,STRG.1620,aaaaacgggcagattgtaccgcgtcggcggggaacgcgtccacaacgcggccccggtgcggcccgcccgggcttccgggctcgccgacgccgtccgccacgatagcaagccgcgcgggaacccgacaacccttcctgacttatactggga,BF000000.1,tmp_001734,3,MoxR family ATPase,not significant
264,STRG.1620,aaaaacgggcagattgtaccgcgtcggcggggaacgcgtccacaacgcggccccggtgcggcccgcccgggcttccgggctcgccgacgccgtccgccacgatagcaagccgcgcgggaacccgacaacccttcctgacttatactggga,BF000000.1,tmp_001736,3,benzoate/H(+) symporter BenE family transporter,not significant
265,STRG.3960,tttgtgttgtctggaccaccggtcgcgcgacaagtgcgcgcgatcgacgcgtcggccgacccgcgcgctgaaccggcgcgcgcggcggctgtcgaatgcgcgtgatgatcgcgcgccatgacgcgcggctaccgttcccctcaattcacc,BF000000.1,tmp_001763,1,CopD family protein,not significant
266,STRG.3965,gcgcagcaaggggggcataagcgtggcggcacgaatctatcttgtcgtatcgttcgagagtgccttcgacaggtcattgccgagaactatcggcgcgccggcaatgacccacagactcacaggcgcgaggtcgttcgcctccctcatgcc,BF000000.1,tmp_001767,3,DUF4399 domain-containing protein,not significant
267,STRG.3965,gcgcagcaaggggggcataagcgtggcggcacgaatctatcttgtcgtatcgttcgagagtgccttcgacaggtcattgccgagaactatcggcgcgccggcaatgacccacagactcacaggcgcgaggtcgttcgcctccctcatgcc,BF000000.1,tmp_001770,3,S1 family peptidase,down
268,STRG.3967,aagtgtcgcgcctcaaggaaataagggctatgagtcgcataggtgacttgaatgcgttttcccgcatcctcagcgagcgaccggagtacctttccgaacgtctgagcctgtatcgggtgctggaatagctctggctcctcgatcgccagg,BF000000.1,tmp_001780,8,hypothetical protein,not significant
269,STRG.3967,aagtgtcgcgcctcaaggaaataagggctatgagtcgcataggtgacttgaatgcgttttcccgcatcctcagcgagcgaccggagtacctttccgaacgtctgagcctgtatcgggtgctggaatagctctggctcctcgatcgccagg,BF000000.1,tmp_001781,8,Rha family transcriptional regulator,up
270,STRG.1633,tgcttgaactggcgcatctgctgcgacctcctttgggtttggctacaacccgcgtcccggttccaatcggggtgggcgggcacatggcggggttggaacaccggaccaaaggaaaccggcacggccaaagccgtccccaccaaggcccac,BF000000.1,tmp_001784,8,ATP-dependent endonuclease,not significant
271,STRG.1633,tgcttgaactggcgcatctgctgcgacctcctttgggtttggctacaacccgcgtcccggttccaatcggggtgggcgggcacatggcggggttggaacaccggaccaaaggaaaccggcacggccaaagccgtccccaccaaggcccac,BF000000.1,tmp_001795,8,DUF1493 family protein,not significant
272,STRG.1633,tgcttgaactggcgcatctgctgcgacctcctttgggtttggctacaacccgcgtcccggttccaatcggggtgggcgggcacatggcggggttggaacaccggaccaaaggaaaccggcacggccaaagccgtccccaccaaggcccac,BF000000.1,tmp_001796,8,hypothetical protein,up
273,STRG.3977,gaaggcaagggcgagcacggcggaggcggcgatggccacccgggacatcttcttatacatttcggatactcctgtgtgaacggggccacgatgcggcgggcgtccagcgattgcgccgacgctcgccggcatccggtaagacgcagcgta,BF000000.1,tmp_001823,2,ATP-binding protein,not significant
274,STRG.3989,cggcactgcggcccatcacgcggcccgcgcgggcccggccggcgcgccttcccgccgcagggcgggcaaggcgtgcgtgctaccattgttcgttcctagatcccgtcctgcaatgtatctgcaatgaattccgagaccctttcggccaag,BF000000.1,tmp_001843,2,fused uroporphyrinogen-III synthase HemD/membrane protein HemX,down
275,STRG.3989,cggcactgcggcccatcacgcggcccgcgcgggcccggccggcgcgccttcccgccgcagggcgggcaaggcgtgcgtgctaccattgttcgttcctagatcccgtcctgcaatgtatctgcaatgaattccgagaccctttcggccaag,BF000000.1,tmp_001844,2,hydroxymethylbilane synthase,not significant
276,STRG.1662,tgcacgccattgcgcggcgacgcgttgcggcgcacgcttcgcgggcggcgcagatcggggccatatccgccccgtagcgcctatattgtagaggctgaggcgacgccctgtccgaacggccatcgtgatggtcggggtttgccgcgcggc,BF000000.1,tmp_001860,1,OmpA family protein,down
277,STRG.1677,gcgcgacgcgctcgtcgacaatcgtctggtcgtattggtcgtactgatacattcggggaccccagggtttctagaatgaccgcgcgacgtcctagccacgccgcgcccgaatcctgctccgcccgcaccgagccggcctcccgccgcccg,BF000000.1,tmp_001924,9,aromatic ring-hydroxylating dioxygenase subunit alpha,not significant
278,STRG.1681,tctgagggaaagcccggagcgtccttcgaaggccccgcggcgcaccttgcggcgcagcatggcagagttgaaatcccccgctatactcgaatcaaaaccaaaaaaactggttgaggggagacatcatgatcatcaacagtccgattgaac,BF000000.1,tmp_001939,1,hypothetical protein,up
279,STRG.4042,cgaggatgggatccggagcggcgtccggcagcgaacagcttggcatcgatcaatctccgtgttggggcgccggccccgagaatcgcgccgtactccgccccgatcgctcaggtgacttacaatatgggttttgcgccaggccgcagggct,BF000000.1,tmp_001950,2,4-hydroxy-3-methylbut-2-enyl diphosphate reductase,not significant
280,STRG.4044,ctggactgaaatgcgatcgcagtcccggattggaccgcggatcgcattgcgttgcggcaagaaatattcattttttacaaagacttggaacggatgcagtaaaatttcgtcttaactcgctgcatgctttcattttcttgacgcaggcgg,BF000000.1,tmp_001958,1,fatty acid desaturase,not significant
281,STRG.1693,gggtttcgcaatgccgcaaatcatcccgcatcccggaatcatcgaaataaacatttgtttataaaaagaattttatgtttcgagaaaaacttctacgtcgtcccgacgatcccggcgcgcacgtagacttcatctcaaggtcctcgtcgc,BF000000.1,tmp_001972,1,hypothetical protein,not significant
282,STRG.4049,aatggcggaatcttaatgcataatacggaacggtaactcttttgtcttatataagacttgagcggaacctgatgcaccgctcccggcttgcgcgccgccgcgccgtcagcgggcgctagaatagcgattcgctgttgcaggcgcggaacg,BF000000.1,tmp_001974,2,NADP-dependent isocitrate dehydrogenase,not significant
283,STRG.1708,gtaagcggatgtatacgcggagtctgtccaacagcgaaccaatgccgatgagccgcttgtgaaggcgcacggcaacactataatttttggaggaggtttcgcatccagccagcgcctgactcatcagaaaaagggacatgccgcggttac,BF000000.1,tmp_002006,2,hypothetical protein,not significant
284,STRG.1721,cgtctgctgtatacgcgcgcggcgcaggggtggagcgtgtcgcggctgtcgccgtaagacgcggcgcgccgtcgcgcgtgtttcgtgttgcacccgggcaggcgcggggcgcgtgaggctcgcctgcccggtcgaaaactaggctgtatt,BF000000.1,tmp_002043,1,cyclopropane-fatty-acyl-phospholipid synthase family protein,not significant
285,STRG.1723,gtcgtggcggcgcggtcgtgacggcgcggtcgtgacggcgcggtcgtgacggcgcggtcgtgacggcgcgcccccccgccgggccgcgccgccgacgcgccttacccgtgccgcgacttcagccggtgcgcgaacttctgccggaacttc,BF000000.1,tmp_002048,2,arylformamidase,up
286,STRG.1741,gcaggtattcggcgatttgcgcggcatgctcgtcgggcagcgctgagcggcccgccggctgcggcgcgagcccgccgcgcggtcgattcaccggcggacgcgggcgtggctcgcatccgccgccttgtaacggcgcgccccgcgcgcgag,BF000000.1,tmp_002103,1,nuclear transport factor 2 family protein,up
287,STRG.1749,aggcagaccgcgaaccgggcaaaggtggatttttcagggaatcgagaaaaagggcttgacgctcctcctcggcatcagcataatctcgcttctgttggcgaattagctcagtcggttagagcgacggaatcataatccgcaggtccgggg,BF000000.1,tmp_002125,5,hypothetical protein,not significant
288,STRG.1749,aggcagaccgcgaaccgggcaaaggtggatttttcagggaatcgagaaaaagggcttgacgctcctcctcggcatcagcataatctcgcttctgttggcgaattagctcagtcggttagagcgacggaatcataatccgcaggtccgggg,BF000000.1,tmp_002126,5,DUF4868 domain-containing protein,not significant
289,STRG.1749,aggcagaccgcgaaccgggcaaaggtggatttttcagggaatcgagaaaaagggcttgacgctcctcctcggcatcagcataatctcgcttctgttggcgaattagctcagtcggttagagcgacggaatcataatccgcaggtccgggg,BF000000.1,tmp_002127,5,IS3 family transposase,up
290,STRG.4099,gaccgcgagccgggactcgtgggcgagtgccgcgagggcggcgatagtttggttcgtttccatgtttcgataatagtcgaaacatggaaacgatgcgtggtgcccgaataattttctgtcccacgacttcgcggatgggtcagtggatgt,BF000000.1,tmp_002128,5,hypothetical protein,up
291,STRG.4099,gaccgcgagccgggactcgtgggcgagtgccgcgagggcggcgatagtttggttcgtttccatgtttcgataatagtcgaaacatggaaacgatgcgtggtgcccgaataattttctgtcccacgacttcgcggatgggtcagtggatgt,BF000000.1,tmp_002129,5,HNH endonuclease,not significant
292,STRG.4115,tcgatcgcgacgagcccgagcgcggctacgtggcggcgagcgacagccgccgcgacgggctcgcggccgggttttgaacgggcgccgcgcatcgcgcccggcgggcggcccacgggccgccttttttattggggcggctttggaatgact,BF000000.1,tmp_002162,2,hypothetical protein,down
293,STRG.4115,tcgatcgcgacgagcccgagcgcggctacgtggcggcgagcgacagccgccgcgacgggctcgcggccgggttttgaacgggcgccgcgcatcgcgcccggcgggcggcccacgggccgccttttttattggggcggctttggaatgact,BF000000.1,tmp_002163,2,ferritin-like domain-containing protein,not significant
294,STRG.1757,tcatttatcacatgaatccattcattcaaatcatgaataggacgggtacgcgcgcgcacggcgcgccggaatgttcgttcgaacacccttacaataccgcgtacccaccgtcctccgaacgactcgcacgcatcccatgacccgagaccc,BF000000.1,tmp_002166,2,hypothetical protein,down
295,STRG.4134,gtctatcgcgcggcgatgaagctgctcacgacaggcgggtatgattgacgcgggcgcccctcgctcggcgcccgccgcacgccgcaagtcgtcgcgcggcgcctgatccgggtggtgcaggccacgccccccgccgctaggccacgcaag,BF000000.1,tmp_002205,3,acyl-CoA dehydrogenase C-terminal domain-containing protein,not significant
296,STRG.4134,gtctatcgcgcggcgatgaagctgctcacgacaggcgggtatgattgacgcgggcgcccctcgctcggcgcccgccgcacgccgcaagtcgtcgcgcggcgcctgatccgggtggtgcaggccacgccccccgccgctaggccacgcaag,BF000000.1,tmp_002206,3,TetR/AcrR family transcriptional regulator,up
297,STRG.4154,cgtgcgacgcgggccgacgccggcgcgaaaggcgcgctggacgggcgtggcgagatgatgaagcgaatgatcgtcaaatcggataaagttgggtgatccagacaacatactcttgtttatagatagcggatcatgcagtgatatcgaatg,BF000000.1,tmp_002255,1,EAL domain-containing protein,up
298,STRG.4162,cgcacggtcacactcaaacatcttatggcgtgccaggttgctgcaatgcaatcaaacgcgcgtatgtcacgcgatccattccggtgcagggcccggtcacgcgcgcggaacgggtgcccgatcgaaacgtgaaaggctttccagtaaagg,BF000000.1,tmp_002275,2,IS5 family transposase,up
299,STRG.1806,ttgcatcaactcctcactcagtggcaaccttgagctgatccgggcggttttttttcgcgaccggcggcaccgcccgccccccggccaccgcccgctgccgggccggcagcgcgaccttcgtcgcgccgccgcggcgccggctccttggag,BF000000.1,tmp_002303,1,HPr(Ser) kinase/phosphatase,not significant
300,STRG.1816,cggcttgagcagtccggccggccgttgcaaccggcgcgcgcctttctccccaatcgttgagccacctcaaattcccgcgccgatttcgcgaccgtgtgccgcactgcagcactaagagatttcgcggtccgctcgtaaaattggtatatc,BF000000.1,tmp_002326,3,hypothetical protein,down
301,STRG.1816,cggcttgagcagtccggccggccgttgcaaccggcgcgcgcctttctccccaatcgttgagccacctcaaattcccgcgccgatttcgcgaccgtgtgccgcactgcagcactaagagatttcgcggtccgctcgtaaaattggtatatc,BF000000.1,tmp_002327,3,cytochrome ubiquinol oxidase subunit I,down
302,STRG.1816,cggcttgagcagtccggccggccgttgcaaccggcgcgcgcctttctccccaatcgttgagccacctcaaattcccgcgccgatttcgcgaccgtgtgccgcactgcagcactaagagatttcgcggtccgctcgtaaaattggtatatc,BF000000.1,tmp_002328,3,cytochrome d ubiquinol oxidase subunit II,down
303,STRG.4188,gaggtcgatcccgagcgcagcacgctgttgttcgagcgcttcatcagccgcgagcgcggcgagccgcccgatatcgacgtatatagcccccttttttctaccgatgagcggcacgcttgcctgccagccttttgcctcggtacttcaccc,BF000000.1,tmp_002345,2,hypothetical protein,not significant
304,STRG.4192,ggtctcacgaggacgccgcgacaccgtgtcgcggccagcgctccttgtagcacagcgtgcggcgcggtgcggatttcgtggcggattccattcaagttgtaagccggcgtgccgtaataaacggaggcgatcgttagcaggcgagaggcc,BF000000.1,tmp_002356,1,methyl-accepting chemotaxis protein,up
305,STRG.1831,ggcgaccaccaggaagatcaggaggacggggagccaacggaacttcatcgacgcgcgctccccgggcgacacccgcacaggtgaagtgcgataattgacgcctccctttcgatccaccggtttccggtcagcttcatgcacatcctcgtt,BF000000.1,tmp_002363,1,twin transmembrane helix small protein,not significant
306,STRG.4229,gcgcggcgcgggcaatcacggggcctgaccgccgggttgcatttacgcgacgctttcggccgactttcggtgcggcgctttgccgcagcggcgtcaatcggggcgaatccggtgtcgcggatcggtcatggtcgcgtgctatcatggccg,BF000000.1,tmp_002439,1,ferritin-like domain-containing protein,not significant
307,STRG.1861,attcgaccgcccctgccgagaccgatcccgcccccgcgaccccttgacaatctttgacacgaaatcctgtccacgcgcaaactcacggaaacgttttaccgatatcggcttctaaaccgatacgccccctccgcttgcgggcgtgcagcg,BF000000.1,tmp_002447,1,DUF3567 domain-containing protein,not significant
308,STRG.1867,agcgcgacctccagcccgccgacaaggccggcgtgcggcggacgtcgcccggcgcttgtcccgcgcgtgcgccccgcgctatactccgcccgttttcctcctcaccggatctcagccaaagtgaacaactaagcccttcccgaatgtcgc,BF000000.1,tmp_002458,1,ATP-binding cassette domain-containing protein,not significant
309,STRG.4252,caatacctcggcggcgacgccgacggtcgcgcggctcgcgcagatcatgctgcaggcggtgcgcgcgccggccgaggcggcgccgccgctggcggcgtgaaggagcggaaggccgcgagtgaggcgaatggcgcgcgaattcgaggcggt,BF000000.1,tmp_002488,1,hypothetical protein,up
310,STRG.1883,acgatcgcgacgccgccgagcagcgcgaggccgagcgtgcgccgcgacagcaggccgcgacgcagcaggccgagcgccgcgcacacgccgagcagcgtcgcgccgccgaacacgcagcggaagaacacgacgttcatcagatgctgctgc,BF000000.1,tmp_002500,1,Lrp/AsnC family transcriptional regulator,not significant
311,STRG.1898,gcgaagtatcggcagccgcctcgcgagatgcgcccgcgacgtgcgcgcttgtcaccgccctgtcacccgcactccgtaacgtccccgttccttcaggcgcgacatcgcactcgttcgtgcaatcaatgcgcgcgcctgtttcgagtgtcg,BF000000.1,tmp_002529,1,hypothetical protein,not significant
312,STRG.1907,gccgcgcgatgcgcacgaccggccgctcgactggatcgtcaccgacgcgcgcacgctgcggcgcgccggctgacgcgcggctacagcgacgccgccgcgcgcgcggccgtgtcgtagaggcccgaggcgttgcgcaaaagctgcgcggat,BF000000.1,tmp_002572,2,biotin-dependent carboxyltransferase family protein,not significant
313,STRG.4278,ggggtgtggtcatcggtccaggatgcggcagggcatcgatcaagaatacattgtcaataaaatgtcgataacttctcaataagcgtttttgcggagcaggcggcgcgggggttctggcgtacactgcggctcaccttcgacccgagccgg,BF000000.1,tmp_002570,1,winged helix DNA-binding protein,not significant
314,STRG.1921,ttcgcgcattgtaggaagcccgcccggcgcggcggcgcatcaattcaagagcgattcctctaaacgcatccccgatctcactctaagatgaatgtcttcgccttgcgcgcaccaacgcggccgccagaagccgcccgtcgcgaaacggga,BF000000.1,tmp_002610,1,isovaleryl-CoA dehydrogenase,up
315,STRG.1925,tggtgttccgcagcggctcccgggcggcagccccggcatgacgcggtgcggcatgcgcggcccgcgcatgccgcaccgatggaaagcaatacgaaagaatcggccgccggcttgatctgagtcggcttttaagggtacggatagcgaaaa,BF000000.1,tmp_002616,1,hypothetical protein,not significant
316,STRG.1926,accaccaatactggctgcatggaattgagtgccggtacggattgatgtaacgcaagggaactgcgcgacgccgcccggccactaagctcgaagcaggcgcgcaggtccgccgtccgccgcgggtttgcgcgacttctcggcgtcatgaat,BF000000.1,tmp_002620,1,hypothetical protein,down
317,STRG.4326,cgccagtcgatcggcgtcgtgcgcgcgacgcgcgggtgctgcagccggtgttcctgccaaagctcgtccgagaacagaaccgccacgatcaacagcggcagcacgaggaaaacgcccagtatcagttgctcgatcacgatgacctccggc,BF000000.1,tmp_002686,2,spermidine N1-acetyltransferase,not significant
318,STRG.4331,aagctgcccgcgctgggtgggcacctgccggggcagacgccgcagagcggtttgcatatcgcgccgttgatcctctgcagcgcgttcgaggcacggcggcaacggcaagggtgcaccagactcgcgctcacgtgtgggcgcaggttcacg,BF000000.1,tmp_002693,5,DUF4148 domain-containing protein,up
319,STRG.4331,aagctgcccgcgctgggtgggcacctgccggggcagacgccgcagagcggtttgcatatcgcgccgttgatcctctgcagcgcgttcgaggcacggcggcaacggcaagggtgcaccagactcgcgctcacgtgtgggcgcaggttcacg,BF000000.1,tmp_002696,5,transposase,up
320,STRG.4331,aagctgcccgcgctgggtgggcacctgccggggcagacgccgcagagcggtttgcatatcgcgccgttgatcctctgcagcgcgttcgaggcacggcggcaacggcaagggtgcaccagactcgcgctcacgtgtgggcgcaggttcacg,BF000000.1,tmp_002697,5,site-specific integrase,up
321,STRG.1968,gttcgggggaagcgcagccctgacgccgacgcggatcgacgcgcgtcgcctgagcccgggtcgcttccccgctccggcgacgcgcgcgctccgcctcatatcgatacggactccacaccaatttaggcaacgccgcgcaccatttcatgt,BF000000.1,tmp_002719,1,fatty acyl-AMP ligase,up
322,STRG.1982,cgcgccgcgcaggccggcgcgggacaggggggcgaggcggcgcaggagccgtcgacatggcccgccgccgcgcactgccactgacgccttcccgccgccgtagcgcccgcgcgcgtaacggacggtaaaccggcccgccgcgccggtaac,BF000000.1,tmp_002767,1,efflux transporter outer membrane subunit,up
323,STRG.4352,gcggccggtagcggggcctgatgcgcggatagcgtgacggtccaataagtggccgtcgcgcacagcgccgcaaacagggcgagggaaaggatccggatcgagagcgcgttcatgcgccctattgtacggatgaatgtgaaatttgcgttg,BF000000.1,tmp_002774,3,GspH/FimT family pseudopilin,not significant
324,STRG.4352,gcggccggtagcggggcctgatgcgcggatagcgtgacggtccaataagtggccgtcgcgcacagcgccgcaaacagggcgagggaaaggatccggatcgagagcgcgttcatgcgccctattgtacggatgaatgtgaaatttgcgttg,BF000000.1,tmp_002775,3,type II secretion system major pseudopilin GspG,not significant
325,STRG.2008,gatcagcgagtgtttcatggagtctccttgcaaacgggcctggggaagcgcccgatcataacggagccgccccgcgcgtcatatggacgcgaagcgcggggcgggcgcgggcggcgggccgctgtccggtagaatgcccctttgctttcg,BF000000.1,tmp_002828,1,uroporphyrinogen decarboxylase,down
326,STRG.4376,gacgcccgcgcgacgcgggcgcggaaccggtgcggagcgcaagatttgtcaaaaggcgacgtgctaaggtgagcgcctgttccgccgccgccgcgccgcgccgatgaccgccaccctgcccgcctgctggacccgctaccacgcccgcct,BF000000.1,tmp_002839,1,AraC family transcriptional regulator,down
327,STRG.2020,cgcgggcgtccgcccttatatctggcactatttaacgcggcatggtgcgcgtggccgtaacgatttgctgatcaatgtttaagtacggtgaaaaacgattgaatccgccatcgttccccgtgtaaggtcgcgctggcagccccgattttt,BF000000.1,tmp_002840,1,mechanosensitive ion channel,down
328,STRG.2033,acgcagcttcggaacgctccttcaggcgaatcagctttttcttcgtgtcgcgcgcttgcgtatttggatggccgcaaggaatgtgcgccgaattgggctgaacaggctggcaacagaaacgccgggcagtttttcaaaaactaaagttga,BF000000.1,tmp_002899,1,hypothetical protein,up
329,STRG.4408,ccaccggcgcggccaggcgggcatttcgcgccgcgcccgacataaaaatcgggccgaatctattcgcccgcccctcaagttttgtttccgaaggccgaaatcctgctctgaggcggccagcaaagaacgagtgcttccgccgatgccaat,BF000000.1,tmp_002911,2,flagellar filament capping protein FliD,up
330,STRG.4408,ccaccggcgcggccaggcgggcatttcgcgccgcgcccgacataaaaatcgggccgaatctattcgcccgcccctcaagttttgtttccgaaggccgaaatcctgctctgaggcggccagcaaagaacgagtgcttccgccgatgccaat,BF000000.1,tmp_002912,2,flagellin,up
331,STRG.2044,aggccgtgaaaatgagcgactccacccaaaatgcgagacatccaaagggattgttgcgggcgcatgaaaacgctctataatttccccgtaatgcttttttaaagcccgcctcccgccttgtctggcggggctttccgagaaatcgccgca,BF000000.1,tmp_002924,3,flagellar transcriptional regulator FlhD,up
332,STRG.2044,aggccgtgaaaatgagcgactccacccaaaatgcgagacatccaaagggattgttgcgggcgcatgaaaacgctctataatttccccgtaatgcttttttaaagcccgcctcccgccttgtctggcggggctttccgagaaatcgccgca,BF000000.1,tmp_002925,3,flagellar transcriptional regulator FlhC,up
333,STRG.2044,aggccgtgaaaatgagcgactccacccaaaatgcgagacatccaaagggattgttgcgggcgcatgaaaacgctctataatttccccgtaatgcttttttaaagcccgcctcccgccttgtctggcggggctttccgagaaatcgccgca,BF000000.1,tmp_002926,3,flagellar motor stator protein MotA,up
334,STRG.2055,gcttgcagccgttggggatggctgaattatttcagcgcgaagcgcttgattcgaaacattaacggtgggcaattcttatattaatgtcgcctttcatttcgtatcctaatcagcggaaacccttatccaacgcaggtttccggcaatctt,BF000000.1,tmp_002950,1,branched-chain amino acid ABC transporter substrate-binding protein,not significant
335,STRG.4422,ttgcaccatttatggtgactgaacgcccactgatagcgtggcttccacgcacaatgggccgcattatacataaacgaaaagcaacgactcaaaaacggcccggcgcgctcattgattctcactatgactgtaacaatcgacatgtgattc,BF000000.1,tmp_002956,3,exonuclease,down
336,STRG.2063,ctatccccttgatgttcaacgtgaagttccgaggctcgaccgacccgcagcaagcctgtcaacccaccgtgatttcgaggcgttatagaaccggtgcgtgagtgcctgcactgaaaagattccttacgttttgttgcaggacaggcgggg,BF000000.1,tmp_002967,1,hypothetical protein,not significant
337,STRG.2081,tgtccagcaccatgggtgtgggcgtgcgcgtcgaccaggctacgctggccgcgtaaagcaattcaagccgctccgcgctggagcggctttctgggctttgggcggttgtcccgcgcagtgtggcggggcaaccggttatcaaagaccgtt,BF000000.1,tmp_003009,4,DNA-directed RNA polymerase subunit beta,not significant
338,STRG.2081,tgtccagcaccatgggtgtgggcgtgcgcgtcgaccaggctacgctggccgcgtaaagcaattcaagccgctccgcgctggagcggctttctgggctttgggcggttgtcccgcgcagtgtggcggggcaaccggttatcaaagaccgtt,BF000000.1,tmp_003010,4,DNA-directed RNA polymerase subunit beta',not significant
339,STRG.2084,tcgaagtcgtcgagtcggcctgagcccgccttcccgcctgcctgaaatcacgcaagctgttgactcgcttaggattttcggaatattatgatgggttccggttcctggtaggtcggttcgcgggcgcaggcccgtgcgccagattgggga,BF000000.1,tmp_003019,35,50S ribosomal protein L23,not significant
340,STRG.2084,tcgaagtcgtcgagtcggcctgagcccgccttcccgcctgcctgaaatcacgcaagctgttgactcgcttaggattttcggaatattatgatgggttccggttcctggtaggtcggttcgcgggcgcaggcccgtgcgccagattgggga,BF000000.1,tmp_003021,35,30S ribosomal protein S19,not significant
341,STRG.2084,tcgaagtcgtcgagtcggcctgagcccgccttcccgcctgcctgaaatcacgcaagctgttgactcgcttaggattttcggaatattatgatgggttccggttcctggtaggtcggttcgcgggcgcaggcccgtgcgccagattgggga,BF000000.1,tmp_003022,35,50S ribosomal protein L22,not significant
342,STRG.2084,tcgaagtcgtcgagtcggcctgagcccgccttcccgcctgcctgaaatcacgcaagctgttgactcgcttaggattttcggaatattatgatgggttccggttcctggtaggtcggttcgcgggcgcaggcccgtgcgccagattgggga,BF000000.1,tmp_003023,35,30S ribosomal protein S3,not significant
343,STRG.2084,tcgaagtcgtcgagtcggcctgagcccgccttcccgcctgcctgaaatcacgcaagctgttgactcgcttaggattttcggaatattatgatgggttccggttcctggtaggtcggttcgcgggcgcaggcccgtgcgccagattgggga,BF000000.1,tmp_003037,35,preprotein translocase subunit SecY,not significant
344,STRG.4447,ctgctacgaaaccaacgaaccctgctgcaacctgaagcaccatcagagacttgcacagtcgattcattcgcacaccttgtttcgtcttgtgggaattagaggttctgcaaaaaacgacggcaaccagtctaccgcacaagcacccgcacc,BF000000.1,tmp_003047,2,porphobilinogen synthase,not significant
345,STRG.2100,gctggccgtcgggcagcgcgagccgcaggccggccgtcgcgacccggtcggcgtcgacctggcgcagcgcgatgccgccgtggccgtgggccgcggcctcggcgcgctcattgtgcgacgcatgcgcgacgcgcttgaattcgcgcagac,BF000000.1,tmp_003081,1,FAD-dependent oxidoreductase,down
346,STRG.2104,atccggcgagcgcgaccaacgtgccggcgcagcagttcgtgccgccgtcgccgggcggcgtgcgcctgccgaacatcctgcgctgacccgcgcggatttacattcgttacagccggaaacgattcggcgggcggcggagccgaacttgcg,BF000000.1,tmp_003089,2,ABC transporter substrate-binding protein,down
347,STRG.2105,tcgacacgctcctcgccgagcgacattgacgctcgccgcgtcagggcgcgggtgcggctttcgcgcccggcccaccctcccggtttggcctataatcgaacgtttgcgggccggctgaccggtccccgtttttccccattcgcaccagca,BF000000.1,tmp_003091,2,ABC transporter ATP-binding protein,not significant
348,STRG.2105,tcgacacgctcctcgccgagcgacattgacgctcgccgcgtcagggcgcgggtgcggctttcgcgcccggcccaccctcccggtttggcctataatcgaacgtttgcgggccggctgaccggtccccgtttttccccattcgcaccagca,BF000000.1,tmp_003092,2,ABC transporter permease,down
349,STRG.2129,agtgagttaatggacaatattttcgggtgattgaattttcgtagtgcggcgcgcgcggccggcggcgcgccgcgcggaaactacgagatccaccggccgggttcgtcggaccagggcgcgcgcgacggggagtccgaacgaggcgacggg,BF000000.1,tmp_003159,1,LEA type 2 family protein,down
350,STRG.2130,gggcgtgacgcgccgcgcttttcggtaaactgaggttttctccgcctgcctgtccgccgcgcgcccgatcgatcgggcgcgcggcggctgctttccgcacgatgtcgaacaagacctacgaaatccgtccgaaccagtcgatcgaactgc,BF000000.1,tmp_003161,1,SAM-dependent methyltransferase,not significant
351,STRG.4493,cggatcgcgtcccatcccgcgcgacacgccgccgcgacgcccgccccccgcaccccagcggcggcctgcgccgaagtacaatagccgctcgcgccgccgaccaggcggcgatcccgccgcacgacctgcggcgctctccgaaccgaatca,BF000000.1,tmp_003180,1,energy-dependent translational throttle protein EttA,not significant
352,STRG.4494,tttaatgcattttcgaaaacaatgacaaggcaaaaacaccatcgaaaatcaaataaacccgatattaaaagcggaatccgccattacaataaatcgccttcgacatccgcacaaaacaccgaaggcgccgaagtcgctttatacgatcaa,BF000000.1,tmp_003185,1,hypothetical protein,not significant
353,STRG.2146,gcaggtgtcggcccgtgcgcgctgaggcgtccggggcttgaatcgcggccgcgccggcgcgagccgggcggccgcgcgggcgttacatcacccgcttcaggaacacgacgttgggtgcggcgcccgggatcgggccgccggcaaagtaac,BF000000.1,tmp_003186,1,IS3 family transposase,up
354,STRG.4496,cggctattaccaccatcgcgacaactactaccggtactgagcccggacgccgcacggcggcatggtagttgtcccgggtgcatgaggtcgttcacggcgtgctatcgttttagtgtcggagccgcgcggccgctgccggagcgcgcttcc,BF000000.1,tmp_003194,1,hypothetical protein,up
355,STRG.2172,ggcggactgacgcacgggcaggccgggccgcctcgcggccgggccgacgtgacggatggaaacggcgcatgacaggccgcgtcgcatgcgacgccgggccgggcatcgtgccctcttcgcggctgcgaagcgggcaggcgtcgtgccgtc,BF000000.1,tmp_003239,2,peroxiredoxin,down
356,STRG.4524,gccgcgagccgccgtgcttgaccaatcggtcgcggaagcgcgcctgcgggcgcgccaatgaaaaaggccccgccaaagctgcggggcctttcggcttcgaagcccgggctgcctgacttaggcagcgaccggaacgacgttgaccatgtg,BF000000.1,tmp_003254,4,hypothetical protein,not significant
357,STRG.2180,cgaaggtatgcagcgcgatcgaggtggtcaggaccgggatgatcgtgttgagcaggttgttgccgatcaggatcacgctcagcagctggtcggtgcgcgcgagcagccgctgcgtcgtcttggcgccgagtgcgccctggctcgcgagat,BF000000.1,tmp_003253,1,H-NS histone family protein,not significant
358,STRG.2187,gccttgccgcgtccgagcgtgtgcgatgtcaataggtccggcgcaaatatttccttttgagatgccgggaagctccactatacttggtgtgagttgagcggtttctcactagatatagtgtacggcgcaggaagcatttaccgcttccgc,BF000000.1,tmp_003270,1,ribonucleoside-diphosphate reductase subunit alpha,down
359,STRG.4530,cgctcaccaatcattattcggtcgcgctcgcctatcccgcgatcgaactgacgctgctcgacgaggccaaccgcgtggcggtgcgccgcgtactcgcgccgcgtgattatgtccgccccggcgcgtcggtcgacgcgggcattccggccg,BF000000.1,tmp_003271,4,hypothetical protein,down
360,STRG.4530,cgctcaccaatcattattcggtcgcgctcgcctatcccgcgatcgaactgacgctgctcgacgaggccaaccgcgtggcggtgcgccgcgtactcgcgccgcgtgattatgtccgccccggcgcgtcggtcgacgcgggcattccggccg,BF000000.1,tmp_003275,4,glycine zipper 2TM domain-containing protein,not significant
361,STRG.2205,ggccgtcgcgcggcgcgagcagcgcgcagtcgtcgccgatgccgagcgcggcgcgcgcgcgcggcccgcgcgcccggcgcgcgaagaagcggtcgatcagggaaaattcggagagcggggcggcggtcacggcggacggattcgcaagcg,BF000000.1,tmp_003307,3,ribonuclease,down
362,STRG.2205,ggccgtcgcgcggcgcgagcagcgcgcagtcgtcgccgatgccgagcgcggcgcgcgcgcgcggcccgcgcgcccggcgcgcgaagaagcggtcgatcagggaaaattcggagagcggggcggcggtcacggcggacggattcgcaagcg,BF000000.1,tmp_003308,3,barstar family protein,not significant
363,STRG.2206,ggaaagcgggtcggatgcccgcgccgatcaaggcggcgcgcggggcatctgataaaatgcgtggctttgcagccctgtccgtttgctcgtccgcttcgcgtccctccggcgccgcaccgcgcgccgggaccggctgtccagcgagcttcc,BF000000.1,tmp_003312,2,transketolase,not significant
364,STRG.2206,ggaaagcgggtcggatgcccgcgccgatcaaggcggcgcgcggggcatctgataaaatgcgtggctttgcagccctgtccgtttgctcgtccgcttcgcgtccctccggcgccgcaccgcgcgccgggaccggctgtccagcgagcttcc,BF000000.1,tmp_003313,2,type I glyceraldehyde-3-phosphate dehydrogenase,not significant
365,STRG.2207,acagcgcgcgcggctgctggctggccgcgaggcggcggaacaacgcggagcgcgcgggaaacgcgtcgcgctggaacttcaggaaaccctcgatgatgtcttgcacgctgacctccaggacgggaatcggtaacgggtggatagagcatg,BF000000.1,tmp_003317,1,transcriptional regulator CynR,down
366,STRG.2239,gctcgcgcaactggcccggctgctggcgggcggctgagcgcggcagcgtgccgcacgccgccgcatccggcggcgcggcgcgcgcacgctacactgcgcaggctcgcgacgcgcgcccgccggccgcgtccgaggcgtgttccctggttc,BF000000.1,tmp_003403,1,non-specific DNA-binding protein DpsA,down
367,STRG.4597,acaccgccgcggtcctcgccttcaagcaatggatactcgacgaaaaatgaaacactgacgcgcatctgacacaggcattccgtttggtcggggcaggccgaaaatatttccgggaaaggaatgccgttaatgccatagcatcttgccaat,BF000000.1,tmp_003448,1,MFS transporter,not significant
368,STRG.2264,tgatccggaacgaaaaagtttccggcatggcttaccgcgtcggcaaaaatgacaaaaatatatgaatatctgacggaataatcgttcgcgccgcgcgcaggttcccgtaagctcgactattccccgtgcgcgccgtgcgcgcggattccg,BF000000.1,tmp_003469,2,peroxiredoxin,not significant
369,STRG.4604,cgcagcagatcgagcccgcgggccagcgcgacgacgaacttgcgttcgtcgagcggggtgtcgtccatggtcgaaagaatcatcgggtgctacactgagtgcaatttgcaaaacattgttccgcactgcggaacttcagtcaagcgagga,BF000000.1,tmp_003471,1,acyl-CoA dehydrogenase,not significant
370,STRG.2271,cgctgatcgccgcgccggcgacgatcgcgctgaagccgaggtcgtcatgcacgaagcccggcagcaccgcgagcggcaggccgatggtcaggtagcagatgaaggtgaacgaaacgacggagacgatctgaagtgtcgtcttgaatgcgc,BF000000.1,tmp_003491,1,xanthine dehydrogenase small subunit,not significant
371,STRG.4610,cacgagcgcggctccgacgcgccgccgcccgggcccgcccccgccgcctgagcggacgatccggcgcagcggctgcatttggccgcgcccccgcgtaacatgcggggtgagaccgctcgtcgcgcttttcctctggattcaggagacact,BF000000.1,tmp_003502,1,2-hydroxychromene-2-carboxylate isomerase,not significant
372,STRG.4616,tcaccccgccgttccccgcccctccacccagcccgcctctcgtcatcgcttgtccgatgaaacgatatattatatcttttcatctccaccacttgccgccgcctccgatgatccgccgcaacccgtccggccacctgccgcgcatcgccc,BF000000.1,tmp_003515,1,carbonate dehydratase,not significant
373,STRG.2285,gcatcaatacgagcgcacgacgcccgtgagattttcggggcgcagaaaaatttgaataacaggttcccttaagaccaacgaaggcgatggtgccggcggcgtgcccgctcgcgccaacgattcgcggggggtcgctcgcgtgacagcggg,BF000000.1,tmp_003528,2,c-type cytochrome,down
374,STRG.2285,gcatcaatacgagcgcacgacgcccgtgagattttcggggcgcagaaaaatttgaataacaggttcccttaagaccaacgaaggcgatggtgccggcggcgtgcccgctcgcgccaacgattcgcggggggtcgctcgcgtgacagcggg,BF000000.1,tmp_003529,2,cytochrome c,down
375,STRG.2287,acgtcgcgcggcagatgaccttcgacgagatcgccgccgccgcgcgctactacgcgggccaccggtagtccgcgcggcggatggggcagcccgcgcccgcgtcgcgcatcacgcggcgtcgggcgcgacgtcggccagcgtgaagaaacc,BF000000.1,tmp_003535,1,carbon-nitrogen hydrolase,not significant
376,STRG.2288,tcgtcgcgcggtgcgtcgcggcgcgccgcgcgatcgaccgggtgcgcgccgtgatgtggcgggccggggcacggaaggcgcgaatgcgccgccgctgcggctgcgctatacttttcgccatgtgtacgaccccgactcttttccttcttc,BF000000.1,tmp_003537,1,tryptophan--tRNA ligase,up
377,STRG.2363,aacatcgaattaattctccgcccaacaaatatctaaaatccaatgttttgaattttcatcccctcgtcatcattcattcgatatcttaacaattggaatcgtgtcgaacgcggcactcaccgactgcgagcgcgacacgattccgttcca,BF000000.3,tmp_006145,2,hypothetical protein,not significant
378,STRG.2370,tgaaggtcggcgtccgcgacggacaaatcgacgcagcgcaccggcgaggacgggcaacccggcagcgcggcgcgccgccaaccggtatccgatacagcgacaaggctcggcgtgcctccgacggccatgccactcggtcaacccggtggc,BF000000.3,tmp_006157,2,LysE family translocator,not significant
379,STRG.2381,cggcaaatccccgacaaaatccgacaatatgcaggctcgatccgacgccgctatcggctcatggctttacaagccttaatattcaatttcagaaaggaatccgtaaatatacagtgggatatcaatggacaatgctgccgatttttccgt,BF000000.3,tmp_006174,2,undecaprenyl-phosphate glucose phosphotransferase,down
380,STRG.2381,cggcaaatccccgacaaaatccgacaatatgcaggctcgatccgacgccgctatcggctcatggctttacaagccttaatattcaatttcagaaaggaatccgtaaatatacagtgggatatcaatggacaatgctgccgatttttccgt,BF000000.3,tmp_006175,2,helix-turn-helix domain-containing protein,down
381,STRG.2386,cggatctagtcgagtcgtcgcggcgtcagctggcgcagacctcgccgcacgcgttccgacacacgttcggcacacgttcggcacacaggccgcggcggccgggatggtgctcgaagtcctgcagcaggcgttgggccacgcctccttgca,BF000000.3,tmp_006208,7,hypothetical protein,not significant
382,STRG.2386,cggatctagtcgagtcgtcgcggcgtcagctggcgcagacctcgccgcacgcgttccgacacacgttcggcacacgttcggcacacaggccgcggcggccgggatggtgctcgaagtcctgcagcaggcgttgggccacgcctccttgca,BF000000.3,tmp_006209,7,hypothetical protein,not significant
383,STRG.29,gatcgatgaattggcgccgattggccgcgcctgtaagcggatccgttgccgccatatgctcgagcttctcgttggtccgctgcagttcctgcagcgccctctccgtgcgccccatcgcttctcgcaaccgggcaaacagctctccttggc,BF000000.3,tmp_006222,1,hypothetical protein,up
384,STRG.2414,atcgatctgtatcggtttttatcgtgttttgtgaatgtatatttcgaaaattttcatgagaaatctgaagatttgactaagtttcaatgtacattaggacacttacgaattccttgcgctaacggttcgtacgaaaaccatgtcgatccg,BF000000.3,tmp_006233,3,SDR family NAD(P)-dependent oxidoreductase,not significant
385,STRG.43,agcctgtgcgatgcatgtatctcgacgatcggcatcagtgcttccgcatagctcttcagaagcgacatttcctgaattgtataatcaggcgttccacaggttcgatacagcgaaatcaagtatcgacggttcaatttgcgcgatacgaga,BF000000.3,tmp_006236,2,hypothetical protein,not significant
386,STRG.2419,cgttgggagtgctttggatcgccactcctgaaatttggctgcccttaatgtcagacaagaactttctcgtttttccccggttgcgtaaaccaatttacaacatataattccctgtaaattggtttacatacctgatgcgagcgtgcccca,BF000000.3,tmp_006263,5,DUF2269 domain-containing protein,not significant
387,STRG.49,gggtcggcttcccgacgcatgggctgtcgttgaccatgacgcatgccggcgcaattccgacgggggagcccgcgctgcatgtatccccgagcgggccgcgcccattgcgccgcaagcggcgcctgccgggcacgatgctccctgctcgac,BF000000.3,tmp_006270,1,hypothetical protein,not significant
388,STRG.53,cggcaagccgacgcatcgacattcggggcggcatactccgcatggcgtccgatgcaaacgcaacgccgtcgccgatcccgaccgccaatactgaaccaaaccgacgccatcgcaatcagaagacctgaccgcaaaactcgaggaatgtcc,BF000000.3,tmp_006286,1,hypothetical protein,down
389,STRG.55,tccagacgccgcaatgcaggtggaaattccatcgaaatcatttcattcatgcatcaagatttttgagataaatcttgataagatcgatccggtgatcacctgaattcctaaataagtcgaggcgggccgcccctcgatcccatgttgact,BF000000.3,tmp_006320,1,two component system response regulator,not significant
390,STRG.61,tattaatatgccgacgtcgttcggattgatcttcgcaattacacaaatcaaaaatccgtagcgctcctgaaagcgttgctatatatttgctcggcatcgcaaagccagccgctattgatactgaagaatcccggatttcaagcaaaaaaa,BF000000.3,tmp_006342,2,MbtH family protein,down
391,STRG.2445,tcctgccagcgctggtaggcgtcgaggggcgtatggagccaggcatgtcgatcgggcatcgctactttatatactgatttcacgatgacgcaaccgaaacgcgaatcttcgattcgcgcgaccttccatgccggcaggcggcgcgttgct,BF000000.3,tmp_006360,2,prevent-host-death protein,not significant
392,STRG.89,actctttgattaatctaaatcctttgattaaagtgaatcgatagaatgtgaacccataaaaacacttaacgcccgcctcgctctcgatttttgagttgttccacaaaacctctcgcactacgaggaaatcatgccgaaagagacccatat,BF000000.3,tmp_006371,1,hypothetical protein,down
393,STRG.128,tgcccgaagcgccatatcgtcagggcactgcacctgcgcatccttatcgatccgaccgattcgaggcgcgcttcacggcacaggcgaggagagtgggccgagaaaatgtattccaacgcgcctctataaggtcgacgatatggcgtgtgg,BF000000.3,tmp_006468,1,type VI secretion system ImpA family N-terminal domain-containing protein,not significant
394,STRG.2476,tgctgtctgaccaccgaacaagttgacaatacccacgcgaacataagagtcccatgcgatgacctttattggtcttaaaaaataaaaatttagattatatgcatcagggtataaattttctcgatacaaacaaaccatacggaccatcga,BF000000.3,tmp_006507,4,glucans biosynthesis glucosyltransferase MdoH,up
395,STRG.146,agtcgaattgtttcatttaatttgaatatgcatatttgatacagatatatcgacagcggcggcttaaaaatgataatcttgcgaccatgttcggttttaaacgaaatgctcgctttatcgtgcatgatgtgtcttgaattgaaaatgtac,BF000000.3,tmp_006521,2,amino acid adenylation domain-containing protein,not significant
396,STRG.146,agtcgaattgtttcatttaatttgaatatgcatatttgatacagatatatcgacagcggcggcttaaaaatgataatcttgcgaccatgttcggttttaaacgaaatgctcgctttatcgtgcatgatgtgtcttgaattgaaaatgtac,BF000000.3,tmp_006522,2,SDR family NAD(P)-dependent oxidoreductase,not significant
397,STRG.176,gccgctcgctcattccggaaagcgccgcgtgcattccttcccgccgtcgcttggccagcccgcgcacggcgcgggcgtccgctgccccatttgcccgccgaacgcaggcatggcgtcctgccgtgtcgtcgagccgccgcgcgccgcgcg,BF000000.3,tmp_006531,1,multidrug DMT transporter permease,not significant
398,STRG.4631,gatccacaacactgatatcgaactctttcatcagcgccttgatctgcccgatcgccgcgtcgcgttcaacttcgcgtagcaccttgatctgcgcgtccagtgcttctagttgcgcaacaagggcgacgtagcccgtcgtttcggaagtca,BF000000.4,tmp_006537,1,IS256 family transposase,not significant
399,STRG.4632,cgcctgacgtgtcggggccgggtgatattcattcttcatcgatgtcacggcgaagccggtgacatgcatctcggctgatgtggcgagatttcttgaaaaacccggaatttccctgctatctccgattggaggggcgactctagggtcgac,BF000000.4,tmp_006544,1,class I SAM-dependent methyltransferase,not significant
400,STRG.2301,aaaaaactatccgccaaatagaactggataatctaacactcgctcttgtcatcattttgatgtttggcgagtcgcaatattaatcatgttgacttccagggggtactgtactaccttgtgttcttcgcatgattctggcgaaaagatctt,BF000000.4,tmp_006545,1,aminotransferase class I/II-fold pyridoxal phosphate-dependent enzyme,down
401,STRG.2322,cgcgaggtcgtcggggtgctgctcgcgcggctcgcgcttgcgcagccggcctgagggccgccggcacgaaacgcgccgtaccggattgcaggcgaacgccgtcgtgcgtgcggcacgacagcggggaacacattccgcacacgcttctac,BF000000.4,tmp_006554,2,avidin/streptavidin family protein,down
402,STRG.2322,cgcgaggtcgtcggggtgctgctcgcgcggctcgcgcttgcgcagccggcctgagggccgccggcacgaaacgcgccgtaccggattgcaggcgaacgccgtcgtgcgtgcggcacgacagcggggaacacattccgcacacgcttctac,BF000000.4,tmp_006555,2,MFS transporter,not significant
403,STRG.4635,atcagctccgactatcttctttacgcgcatcaacagaatcggagcaggatgactcggttcatgaactttaaaataacttattattgcgtcgagagcggaatcgacatctgcgcgattcgatatcgtagccaaatttccgcgccgaatatc,BF000000.4,tmp_006559,1,IS6 family transposase,not significant
404,STRG.4642,ccactagcgtctcaagaaatcgagtgttcattctatatcgaattccggccataccgttaacgtggtcaactataccgattattttctccatctatcgccaagcaagagataaaaggttttatttaatgaaaactgattttcaatatttcc,BF000000.4,tmp_006593,22,LysR family transcriptional regulator,down
405,STRG.4642,ccactagcgtctcaagaaatcgagtgttcattctatatcgaattccggccataccgttaacgtggtcaactataccgattattttctccatctatcgccaagcaagagataaaaggttttatttaatgaaaactgattttcaatatttcc,BF000000.4,tmp_006600,22,IS3 family transposase,not significant
406,STRG.4642,ccactagcgtctcaagaaatcgagtgttcattctatatcgaattccggccataccgttaacgtggtcaactataccgattattttctccatctatcgccaagcaagagataaaaggttttatttaatgaaaactgattttcaatatttcc,BF000000.4,tmp_006602,22,hypothetical protein,not significant
407,STRG.4642,ccactagcgtctcaagaaatcgagtgttcattctatatcgaattccggccataccgttaacgtggtcaactataccgattattttctccatctatcgccaagcaagagataaaaggttttatttaatgaaaactgattttcaatatttcc,BF000000.4,tmp_006603,22,hypothetical protein,not significant
408,STRG.4642,ccactagcgtctcaagaaatcgagtgttcattctatatcgaattccggccataccgttaacgtggtcaactataccgattattttctccatctatcgccaagcaagagataaaaggttttatttaatgaaaactgattttcaatatttcc,BF000000.4,tmp_006604,22,hypothetical protein,up
409,STRG.4642,ccactagcgtctcaagaaatcgagtgttcattctatatcgaattccggccataccgttaacgtggtcaactataccgattattttctccatctatcgccaagcaagagataaaaggttttatttaatgaaaactgattttcaatatttcc,BF000000.4,tmp_006605,22,hypothetical protein,not significant
410,STRG.4642,ccactagcgtctcaagaaatcgagtgttcattctatatcgaattccggccataccgttaacgtggtcaactataccgattattttctccatctatcgccaagcaagagataaaaggttttatttaatgaaaactgattttcaatatttcc,BF000000.4,tmp_006606,22,transcriptional regulator,up
411,STRG.4643,cttgcccatccgcggcaagggtggtcacgcctgagatgacgcttgcgatggcgagatccgacggcccgcttttgccgctcgcgcctcgcgcggccgctgcagcacttgcgccgctcgccggcaccgtcgcgtgtagcgccgcattgagat,BF000000.4,tmp_006625,14,hypothetical protein,not significant
412,STRG.4643,cttgcccatccgcggcaagggtggtcacgcctgagatgacgcttgcgatggcgagatccgacggcccgcttttgccgctcgcgcctcgcgcggccgctgcagcacttgcgccgctcgccggcaccgtcgcgtgtagcgccgcattgagat,BF000000.4,tmp_006626,14,hypothetical protein,not significant
413,STRG.4643,cttgcccatccgcggcaagggtggtcacgcctgagatgacgcttgcgatggcgagatccgacggcccgcttttgccgctcgcgcctcgcgcggccgctgcagcacttgcgccgctcgccggcaccgtcgcgtgtagcgccgcattgagat,BF000000.4,tmp_006632,14,hypothetical protein,not significant
414,STRG.4643,cttgcccatccgcggcaagggtggtcacgcctgagatgacgcttgcgatggcgagatccgacggcccgcttttgccgctcgcgcctcgcgcggccgctgcagcacttgcgccgctcgccggcaccgtcgcgtgtagcgccgcattgagat,BF000000.4,tmp_006633,14,DUF4145 domain-containing protein,up
415,STRG.4644,ggtctcagtcgtggcgtagaaaatgctgccgtgcagcaaattggccgcaccatgaagcccgcgcgacgcatcattgcgctacaatagcgattattgaaacgcaatagcgaggtgtgcaatggcggaagcgttgaagacggtgacggctca,BF000000.4,tmp_006637,3,H-NS histone family protein,not significant
416,STRG.4644,ggtctcagtcgtggcgtagaaaatgctgccgtgcagcaaattggccgcaccatgaagcccgcgcgacgcatcattgcgctacaatagcgattattgaaacgcaatagcgaggtgtgcaatggcggaagcgttgaagacggtgacggctca,BF000000.4,tmp_006638,3,type II toxin-antitoxin system RelE/ParE family toxin,not significant
417,STRG.4644,ggtctcagtcgtggcgtagaaaatgctgccgtgcagcaaattggccgcaccatgaagcccgcgcgacgcatcattgcgctacaatagcgattattgaaacgcaatagcgaggtgtgcaatggcggaagcgttgaagacggtgacggctca,BF000000.4,tmp_006639,3,"ribbon-helix-helix protein, CopG family",not significant
418,STRG.2338,gcgcgcggcgtgctggccggcacgcccgggcgcagcgcgagcaggcgggcggtcgcgaagtcgtggcgcttgcgcgcggcgcccacgaacgcccccacgagccagtcgcgcgttgcggccgccttgtctgcccggcggccgaattcgagg,BF000000.4,tmp_006658,6,hypothetical protein,down
419,STRG.4651,caggccaggatgggacgttatcgctaagctccgccgtggccgcgtcgcgtgcatcaagaaattgaagcaacgaaacctccagtgcgccgcaactgtgaaggaacaatggagtctggcccatgttgccgcataaaatctggagcctagcgc,BF000000.4,tmp_006676,1,three-Cys-motif partner protein TcmP,not significant
420,STRG.4653,cagccttgacacaggcgttgacggcctcttcactgcggcctttgatgatggagatatgaacgataggcatgagcgatcctgtttcggttggaaggtgttcacgattcgattcgcaccttggtgggcatcatgttgccgaactcgatcggt,BF000000.4,tmp_006700,2,IS3 family transposase,up
421,STRG.4653,cagccttgacacaggcgttgacggcctcttcactgcggcctttgatgatggagatatgaacgataggcatgagcgatcctgtttcggttggaaggtgttcacgattcgattcgcaccttggtgggcatcatgttgccgaactcgatcggt,BF000000.4,tmp_006701,2,LysR substrate-binding domain-containing protein,up
422,STRG.2345,ctacacgacgaaatcgacgagcgaccagacgaagaaggtgccgaacaacacgacgacgtgcagcgtgccattcgcgagcaggtgcgcgatcgcccatactgttgaaggaagtcgttaaaaagcctgggaagtgatcgcacaatgaggtat,BF000000.4,tmp_006711,5,IS3 family transposase,not significant
423,STRG.2348,gctgagcgtcgcgaccgttgacgctcgccgcgcggccctggaggcgaccggcaacgtaagcaagattggtcttctaaatattaattcttcatcgttgacaaagatgaatctaaaagtagatcctatttcaaagagcaatccaaattgttc,BF000000.4,tmp_006722,8,RNA polymerase sigma factor,up
424,STRG.2348,gctgagcgtcgcgaccgttgacgctcgccgcgcggccctggaggcgaccggcaacgtaagcaagattggtcttctaaatattaattcttcatcgttgacaaagatgaatctaaaagtagatcctatttcaaagagcaatccaaattgttc,BF000000.4,tmp_006723,8,FecR domain-containing protein,not significant
425,STRG.2348,gctgagcgtcgcgaccgttgacgctcgccgcgcggccctggaggcgaccggcaacgtaagcaagattggtcttctaaatattaattcttcatcgttgacaaagatgaatctaaaagtagatcctatttcaaagagcaatccaaattgttc,BF000000.4,tmp_006724,8,TonB-dependent receptor,up
